State,Country,Place,type,budget,season,activities
Idaho,South Georgia and the South Sandwich Islands,Thomas Roads Beach,Beach,luxury,Dec-Feb,"shopping, culture, wildlife"
Goa,India,Dudhsagar Falls,Beach,low,Mar-May,"food, technology, temple visit, nightlife"
Maryland,Slovenia,Peterson Manor Temple,Desert,medium,Dec-Feb,"wildlife, food"
Texas,Tunisia,Anna Isle Beach,Cultural,medium,Sep-Nov,"technology, trekking"
West Bengal,India,Sundarbans,Cultural,high,Jan-Mar,"temple visit, yoga, nightlife"
Delhi,India,India Gate,Adventure,luxury,Dec-Feb,"skiing, wildlife, surfing"
Alaska,American Samoa,Hanson Harbor Fort,Urban,medium,Sep-Nov,"culture, trekking, safari, shopping"
North Carolina,Greenland,Brooks Brooks Bay,Beach,high,Mar-May,"wildlife, temple visit"
Minnesota,Argentina,Susan Corner Temple,Historical,medium,Mar-May,"wildlife, temple visit, trekking, safari"
New Jersey,Burkina Faso,Lori Rest Bay,Urban,low,June-Aug,"technology, relaxing"
New York,Algeria,Eugene Light Tower,Adventure,medium,June-Aug,"skiing, temple visit, trekking, wildlife"
Virginia,France,Mccarty Manors Bay,Mountain,low,Jan-Mar,"temple visit, surfing, trekking"
Louisiana,Grenada,Diane Glens Fort,Mountain,low,Mar-May,"food, safari, temple visit, technology"
South Carolina,Brazil,Greene Keys Bay,Beach,medium,Mar-May,"trekking, skiing"
Kerala,India,Alleppey Backwaters,Cultural,high,June-Aug,"nightlife, food, shopping, wildlife"
Tamil Nadu,India,Ooty,Mountain,medium,Jan-Mar,"safari, culture, yoga, food"
Uttar Pradesh,India,Taj Mahal,Adventure,medium,Dec-Feb,"culture, shopping"
Maine,Kiribati,Julia Mills Bay,Mountain,low,Jan-Mar,"nightlife, wildlife, relaxing"
Wyoming,Slovenia,Susan Groves Park,Beach,high,Mar-May,"shopping, safari, relaxing, skiing"
Rhode Island,Mozambique,Maureen Streets Bay,Cultural,medium,Sep-Nov,"surfing, food, trekking, nightlife"
Minnesota,India,Ray Roads Bay,Cultural,luxury,Sep-Nov,"nightlife, temple visit, culture, technology"
Virginia,Gambia,Smith Highway Temple,Historical,high,Sep-Nov,"relaxing, technology, food, culture"
New Jersey,Antarctica (the territory South of 60 deg S),Christina Inlet Beach,Urban,high,Dec-Feb,"nightlife, safari, culture, shopping"
Arizona,Montenegro,Sheri Camp Tower,Adventure,high,Jan-Mar,"trekking, yoga"
Oklahoma,Equatorial Guinea,Franklin Track Park,Adventure,low,June-Aug,"wildlife, nightlife, technology"
South Dakota,Guinea,Sutton Valley Fort,Mountain,luxury,Dec-Feb,"shopping, surfing, wildlife, skiing"
Maharashtra,India,Gateway of India,Cultural,low,Dec-Feb,"nightlife, safari, skiing"
Kentucky,Australia,Lauren Union Beach,Cultural,luxury,June-Aug,"nightlife, wildlife"
Karnataka,India,Mysore Palace,Cultural,low,Jan-Mar,"relaxing, safari"
Montana,Chad,Toni Estates Park,Desert,luxury,June-Aug,"temple visit, culture, food, yoga"
Georgia,Madagascar,Schultz Spurs Fort,Desert,high,Jan-Mar,"temple visit, relaxing, wildlife"
Missouri,Bulgaria,Thompson Manor Beach,Desert,high,Sep-Nov,"food, yoga"
Iowa,Turkey,John Mountains Temple,Desert,medium,Mar-May,"temple visit, skiing, technology, shopping"
West Virginia,Iceland,Stokes Route Park,Cultural,low,Dec-Feb,"food, yoga, shopping"
Goa,India,Dudhsagar Falls,Historical,medium,Jan-Mar,"relaxing, skiing, trekking"
West Bengal,India,Victoria Memorial,Adventure,medium,Mar-May,"wildlife, nightlife, shopping, trekking"
New Jersey,Mali,Parker Row Fort,Cultural,low,Dec-Feb,"relaxing, shopping, wildlife, nightlife"
Montana,Malta,Byrd Shores Temple,Adventure,low,June-Aug,"safari, nightlife, technology, culture"
Pennsylvania,Pakistan,Humphrey Square Fort,Mountain,luxury,Mar-May,"nightlife, safari, wildlife"
Rajasthan,India,Hawa Mahal,Cultural,low,Sep-Nov,"shopping, safari"
Wisconsin,Hungary,Colon Underpass Beach,Cultural,high,Mar-May,"skiing, surfing, temple visit, shopping"
New Hampshire,Korea,Navarro Summit Beach,Desert,low,Jan-Mar,"surfing, wildlife"
Arizona,Saint Kitts and Nevis,Washington Mountain Beach,Cultural,low,Dec-Feb,"safari, trekking, shopping"
Oklahoma,India,Gregory Views Tower,Mountain,high,Mar-May,"relaxing, skiing, trekking, shopping"
Nevada,Kiribati,Johnson Port Tower,Adventure,low,Dec-Feb,"skiing, yoga, food"
Wyoming,Saint Vincent and the Grenadines,Ryan Valley Temple,Beach,luxury,Mar-May,"temple visit, nightlife, trekking"
Rhode Island,Hungary,Keith Estate Tower,Adventure,luxury,Mar-May,"wildlife, shopping, temple visit, safari"
Uttarakhand,India,Kedarnath,Cultural,high,Mar-May,"culture, temple visit, wildlife, safari"
Maryland,Belarus,Jones Knolls Beach,Adventure,low,Dec-Feb,"shopping, skiing, culture"
Massachusetts,Armenia,Woodward Extensions Park,Cultural,low,Dec-Feb,"culture, trekking"
Georgia,Puerto Rico,Robert Streets Temple,Historical,high,Dec-Feb,"technology, culture"
Kansas,Falkland Islands (Malvinas),Christopher Square Fort,Beach,luxury,Sep-Nov,"yoga, temple visit"
Texas,Azerbaijan,Townsend Prairie Temple,Cultural,medium,Dec-Feb,"safari, skiing, technology"
Kerala,India,Alleppey Backwaters,Urban,low,Mar-May,"yoga, trekking, temple visit, relaxing"
Maharashtra,India,Gateway of India,Historical,low,Sep-Nov,"trekking, skiing, culture, safari"
Rhode Island,Grenada,Christy Lane Bay,Adventure,high,Dec-Feb,"nightlife, yoga, surfing, technology"
Kansas,Korea,Jessica Pass Fort,Historical,medium,Mar-May,"shopping, technology, yoga, skiing"
Connecticut,Israel,Walker Turnpike Bay,Urban,high,Sep-Nov,"skiing, food"
Goa,India,Dudhsagar Falls,Adventure,low,Jan-Mar,"culture, trekking"
West Bengal,India,Sundarbans,Cultural,luxury,Sep-Nov,"culture, skiing"
Delhi,India,Qutub Minar,Adventure,medium,Mar-May,"skiing, trekking, surfing"
Goa,India,Baga Beach,Mountain,high,Jan-Mar,"culture, wildlife"
Oklahoma,Vanuatu,Archer Ports Tower,Cultural,medium,Sep-Nov,"yoga, temple visit, nightlife"
Uttarakhand,India,Kedarnath,Mountain,high,June-Aug,"skiing, surfing, culture"
Kerala,India,Alleppey Backwaters,Beach,medium,Jan-Mar,"skiing, shopping, temple visit"
Uttar Pradesh,India,Varanasi Ghats,Urban,high,June-Aug,"skiing, surfing, wildlife, nightlife"
Mississippi,Macedonia,Martin Corners Tower,Adventure,high,Sep-Nov,"technology, surfing"
Massachusetts,South Africa,Page Road Tower,Desert,medium,Dec-Feb,"temple visit, technology, skiing"
Hawaii,Estonia,Jenna Mall Beach,Desert,medium,June-Aug,"temple visit, wildlife, shopping, food"
California,Belgium,Dean Radial Temple,Urban,luxury,Dec-Feb,"culture, temple visit"
Karnataka,India,Hampi,Cultural,high,Mar-May,"food, safari, shopping"
Idaho,Brazil,Larry Fort Bay,Mountain,luxury,Mar-May,"trekking, nightlife"
Uttar Pradesh,India,Taj Mahal,Beach,medium,Sep-Nov,"surfing, nightlife, relaxing, shopping"
Mississippi,Hungary,Christopher Junctions Beach,Historical,high,June-Aug,"trekking, shopping, safari, food"
Hawaii,Morocco,Cynthia Field Fort,Historical,low,Sep-Nov,"yoga, skiing, relaxing, food"
Arizona,Liberia,Thomas Station Park,Beach,luxury,Dec-Feb,"temple visit, wildlife"
Connecticut,Cook Islands,Jeffrey Camp Beach,Beach,luxury,Jan-Mar,"trekking, skiing"
Oklahoma,Tonga,Corey Hills Beach,Historical,luxury,Mar-May,"skiing, culture"
Mississippi,Romania,Victoria Center Bay,Beach,high,Mar-May,"culture, food, yoga, technology"
Utah,Uruguay,Rogers Plaza Temple,Urban,luxury,Dec-Feb,"wildlife, technology, yoga"
Himachal Pradesh,India,Solang Valley,Mountain,medium,Jan-Mar,"surfing, shopping, temple visit, yoga"
Arizona,Taiwan,Carmen Falls Fort,Historical,low,Dec-Feb,"safari, technology, temple visit"
Texas,Suriname,Vanessa Plains Tower,Urban,luxury,June-Aug,"shopping, yoga"
New Jersey,Mexico,Michelle Fields Beach,Cultural,low,Jan-Mar,"nightlife, temple visit"
Himachal Pradesh,India,Solang Valley,Historical,low,June-Aug,"temple visit, shopping, nightlife, technology"
Oregon,Isle of Man,Mark Junctions Temple,Cultural,low,Mar-May,"relaxing, nightlife, yoga"
Kerala,India,Munnar Tea Gardens,Mountain,medium,Jan-Mar,"food, culture"
Uttarakhand,India,Kedarnath,Mountain,high,June-Aug,"relaxing, nightlife"
Ohio,Germany,Michael Turnpike Beach,Mountain,medium,Sep-Nov,"yoga, nightlife, shopping"
Utah,Burkina Faso,Warren Fort Beach,Urban,high,June-Aug,"relaxing, surfing, culture, technology"
Florida,Montserrat,Haney Glens Beach,Urban,high,June-Aug,"yoga, wildlife"
Montana,Bolivia,Linda Streets Tower,Urban,low,Sep-Nov,"yoga, skiing"
Wyoming,Saint Barthelemy,Kevin Pike Fort,Cultural,high,Mar-May,"wildlife, relaxing, yoga"
Ladakh,India,Pangong Lake,Cultural,low,Sep-Nov,"culture, food"
Uttar Pradesh,India,Varanasi Ghats,Adventure,medium,Mar-May,"safari, nightlife, technology, temple visit"
Arizona,Belize,Macias Rapid Beach,Adventure,low,Jan-Mar,"food, shopping, safari, nightlife"
Minnesota,Grenada,Robert Turnpike Temple,Urban,low,Mar-May,"relaxing, surfing, food"
Tamil Nadu,India,Ooty,Mountain,luxury,Sep-Nov,"wildlife, trekking, culture, skiing"
Kerala,India,Munnar Tea Gardens,Historical,luxury,Mar-May,"nightlife, culture"
Wyoming,Afghanistan,Hawkins Prairie Bay,Urban,luxury,June-Aug,"technology, relaxing, culture"
Pennsylvania,Malawi,Mitchell Run Fort,Adventure,low,Jan-Mar,"technology, food, trekking"
Rhode Island,Lithuania,Contreras Spring Fort,Urban,luxury,Dec-Feb,"technology, shopping"
Rhode Island,Lesotho,Curtis Pine Tower,Beach,high,Jan-Mar,"technology, skiing, trekking, culture"
West Virginia,Norway,Brandon Crossing Temple,Historical,luxury,Sep-Nov,"relaxing, wildlife, trekking"
Ohio,Samoa,Campbell Plaza Bay,Desert,luxury,Sep-Nov,"temple visit, wildlife, nightlife"
New Jersey,Saint Pierre and Miquelon,Brooks Crest Park,Beach,high,Mar-May,"technology, surfing, skiing, yoga"
Tennessee,Cape Verde,Miller Pine Beach,Adventure,low,Dec-Feb,"yoga, safari, wildlife, food"
Oklahoma,India,John Flat Bay,Adventure,high,Sep-Nov,"food, trekking, culture"
Tamil Nadu,India,Ooty,Historical,medium,Mar-May,"relaxing, skiing, technology, safari"
Florida,Antarctica (the territory South of 60 deg S),Brooks Glens Fort,Cultural,high,Jan-Mar,"skiing, nightlife, relaxing"
Alaska,Korea,Simmons Loop Park,Adventure,medium,Jan-Mar,"technology, shopping"
California,Poland,Chelsea Stravenue Tower,Adventure,low,Sep-Nov,"temple visit, wildlife, technology"
Rajasthan,India,Amber Fort,Desert,medium,Dec-Feb,"nightlife, yoga, technology"
Tennessee,Switzerland,Knox Gateway Beach,Urban,high,Jan-Mar,"yoga, relaxing"
South Dakota,Puerto Rico,Sue Mountain Park,Cultural,luxury,Jan-Mar,"temple visit, yoga, safari, wildlife"
Oregon,Macedonia,Timothy Loop Tower,Mountain,high,June-Aug,"shopping, technology, culture"
West Bengal,India,Victoria Memorial,Cultural,low,Mar-May,"culture, yoga, food, surfing"
Uttarakhand,India,Kedarnath,Adventure,luxury,Sep-Nov,"food, shopping, trekking, temple visit"
Himachal Pradesh,India,Rohtang Pass,Historical,luxury,Sep-Nov,"nightlife, food, culture"
Georgia,Macedonia,Young Square Temple,Mountain,high,Dec-Feb,"wildlife, technology"
Virginia,Romania,Christina Rapids Beach,Adventure,medium,Mar-May,"food, technology, culture, nightlife"
Massachusetts,Paraguay,Lewis Alley Park,Historical,low,June-Aug,"surfing, food"
Alabama,Samoa,Andrea Locks Bay,Urban,low,Sep-Nov,"trekking, shopping, food"
Oregon,Gambia,Poole Route Bay,Cultural,medium,Jan-Mar,"nightlife, yoga, food"
Arkansas,United States Minor Outlying Islands,Gonzalez Streets Tower,Mountain,high,Mar-May,"skiing, trekking, wildlife, shopping"
Maine,Mozambique,Goodman Lodge Tower,Beach,luxury,Mar-May,"shopping, surfing"
Illinois,Slovakia (Slovak Republic),John Route Park,Mountain,medium,Sep-Nov,"wildlife, shopping"
South Carolina,Mali,Cameron Streets Tower,Beach,luxury,Sep-Nov,"safari, temple visit, wildlife, shopping"
Kerala,India,Alleppey Backwaters,Cultural,low,June-Aug,"trekking, surfing, skiing"
Tamil Nadu,India,Meenakshi Temple,Desert,high,Sep-Nov,"trekking, surfing"
New Mexico,Colombia,Johnson Cliff Bay,Mountain,low,Mar-May,"culture, safari, surfing, wildlife"
Delaware,Canada,Ashlee Greens Park,Cultural,medium,Jan-Mar,"nightlife, safari"
Goa,India,Dudhsagar Falls,Beach,low,Jan-Mar,"safari, yoga, surfing, trekking"
California,Suriname,Simmons Stravenue Bay,Urban,luxury,Mar-May,"culture, shopping"
Kentucky,Korea,Michael Trail Bay,Historical,high,Mar-May,"skiing, safari"
Uttar Pradesh,India,Taj Mahal,Adventure,high,Jan-Mar,"culture, yoga, safari"
Colorado,India,King Lodge Fort,Beach,luxury,June-Aug,"yoga, skiing"
Rajasthan,India,Amber Fort,Beach,high,Mar-May,"technology, trekking, temple visit, skiing"
Louisiana,Qatar,Marissa Roads Temple,Beach,low,June-Aug,"skiing, trekking"
North Dakota,Martinique,Skinner Meadows Temple,Historical,high,Sep-Nov,"culture, skiing, trekking"
Kansas,Andorra,Jesus Cliffs Fort,Urban,luxury,Mar-May,"culture, relaxing"
Ohio,Tuvalu,Barnett Field Tower,Cultural,high,Dec-Feb,"relaxing, surfing"
Delhi,India,Qutub Minar,Urban,high,Mar-May,"wildlife, relaxing, culture"
Idaho,Bosnia and Herzegovina,Villa Inlet Bay,Adventure,luxury,Mar-May,"yoga, surfing"
Michigan,Macao,Chandler Parkways Bay,Mountain,luxury,Jan-Mar,"yoga, food, trekking"
Idaho,Maldives,Garcia Place Park,Cultural,luxury,June-Aug,"yoga, culture, safari, nightlife"
New Mexico,Guinea,Ewing Loaf Tower,Beach,low,Mar-May,"nightlife, yoga, relaxing"
Virginia,Ukraine,Taylor Green Temple,Cultural,luxury,Dec-Feb,"culture, temple visit, safari"
Maine,Tonga,Price Radial Beach,Desert,low,Jan-Mar,"yoga, trekking"
Ladakh,India,Magnetic Hill,Cultural,low,Jan-Mar,"technology, nightlife, culture, skiing"
Iowa,Benin,Richard River Tower,Urban,luxury,Mar-May,"surfing, technology, skiing, culture"
Maine,Cyprus,Krystal Forges Park,Urban,high,Mar-May,"trekking, nightlife"
Georgia,Bosnia and Herzegovina,Trujillo Glen Beach,Beach,medium,Mar-May,"trekking, culture"
New Mexico,Ecuador,Gregory Divide Beach,Adventure,medium,Mar-May,"temple visit, relaxing, technology"
Nebraska,Peru,Perez Turnpike Fort,Beach,low,Mar-May,"food, wildlife, trekking, surfing"
California,Turkmenistan,Wilson Junction Bay,Historical,low,Mar-May,"wildlife, skiing, temple visit, culture"
Nebraska,Maldives,Hopkins Forge Bay,Urban,low,Jan-Mar,"surfing, wildlife, trekking"
Karnataka,India,Hampi,Desert,medium,Sep-Nov,"yoga, nightlife, culture, surfing"
Kerala,India,Munnar Tea Gardens,Cultural,low,Mar-May,"technology, shopping, relaxing"
Ladakh,India,Magnetic Hill,Mountain,high,Sep-Nov,"wildlife, technology"
Oklahoma,Madagascar,Singh Throughway Park,Desert,high,Jan-Mar,"temple visit, shopping, technology, wildlife"
Uttarakhand,India,Rishikesh,Cultural,luxury,June-Aug,"skiing, surfing"
Utah,Brunei Darussalam,Valerie Keys Beach,Urban,low,June-Aug,"temple visit, relaxing, trekking"
Rajasthan,India,Amber Fort,Cultural,low,Dec-Feb,"surfing, yoga"
Wyoming,Tunisia,Adams Lakes Tower,Mountain,luxury,Jan-Mar,"skiing, surfing, relaxing, technology"
Uttar Pradesh,India,Taj Mahal,Beach,luxury,June-Aug,"surfing, nightlife, relaxing, safari"
Uttar Pradesh,India,Varanasi Ghats,Mountain,low,Sep-Nov,"safari, temple visit, nightlife, technology"
Maharashtra,India,Ajanta Caves,Cultural,high,June-Aug,"wildlife, skiing, nightlife"
Utah,Vanuatu,Brown Lake Fort,Urban,low,Dec-Feb,"technology, shopping, food, yoga"
Iowa,Mozambique,Mendez Drives Tower,Historical,medium,Jan-Mar,"nightlife, shopping"
Alabama,Montserrat,Davis Port Bay,Urban,low,Mar-May,"safari, technology, trekking, nightlife"
New Jersey,New Caledonia,Mullins Prairie Tower,Beach,high,Dec-Feb,"shopping, safari, trekking"
Delhi,India,India Gate,Beach,high,Jan-Mar,"nightlife, food"
Oklahoma,Cambodia,Thornton Parkway Park,Historical,luxury,Jan-Mar,"food, surfing"
Karnataka,India,Mysore Palace,Beach,high,Sep-Nov,"skiing, wildlife, surfing, temple visit"
Florida,Cambodia,Lauren Plaza Park,Mountain,luxury,Sep-Nov,"wildlife, surfing"
Colorado,Dominican Republic,Murphy Station Beach,Cultural,luxury,Sep-Nov,"yoga, culture"
North Dakota,United Arab Emirates,Sweeney Plaza Tower,Urban,luxury,Sep-Nov,"culture, wildlife, skiing"
Tennessee,Italy,Davis Trail Beach,Adventure,medium,June-Aug,"temple visit, food, culture"
Idaho,Samoa,Jackson Prairie Park,Beach,medium,June-Aug,"temple visit, technology, safari"
Ladakh,India,Magnetic Hill,Urban,medium,Sep-Nov,"food, yoga"
Uttar Pradesh,India,Taj Mahal,Historical,high,June-Aug,"safari, skiing, yoga"
Indiana,Cayman Islands,Michael Mission Beach,Urban,medium,June-Aug,"food, surfing, culture"
Himachal Pradesh,India,Rohtang Pass,Urban,high,Mar-May,"wildlife, nightlife, surfing, food"
South Dakota,Tajikistan,Kent Inlet Bay,Urban,luxury,June-Aug,"safari, food"
North Dakota,Kiribati,Alexander Curve Fort,Adventure,high,Jan-Mar,"yoga, nightlife"
Louisiana,Equatorial Guinea,Michelle Curve Bay,Adventure,medium,Mar-May,"skiing, technology, food, shopping"
Arizona,Belgium,Cline Gateway Beach,Adventure,low,Mar-May,"relaxing, technology, wildlife"
Kerala,India,Munnar Tea Gardens,Beach,high,Jan-Mar,"trekking, safari, food"
Delhi,India,India Gate,Adventure,low,June-Aug,"skiing, safari, nightlife"
Maryland,Israel,Frazier Shoal Tower,Adventure,low,June-Aug,"relaxing, yoga"
Arizona,Cuba,Scott Flats Park,Adventure,luxury,Sep-Nov,"nightlife, food"
Tamil Nadu,India,Ooty,Beach,medium,Dec-Feb,"trekking, technology, skiing, wildlife"
Mississippi,Libyan Arab Jamahiriya,Courtney Drives Temple,Mountain,low,Sep-Nov,"yoga, relaxing, culture"
Oklahoma,Papua New Guinea,Calhoun Falls Park,Mountain,high,June-Aug,"technology, food, surfing, temple visit"
Utah,Tokelau,Christina Dam Bay,Mountain,medium,Jan-Mar,"yoga, safari, wildlife"
Texas,India,Renee Flat Fort,Cultural,medium,Jan-Mar,"relaxing, temple visit, wildlife"
North Carolina,Gibraltar,Parker Road Temple,Cultural,luxury,Jan-Mar,"nightlife, surfing, yoga, wildlife"
Vermont,Central African Republic,Gregory Skyway Beach,Historical,low,Dec-Feb,"surfing, trekking, skiing, temple visit"
Iowa,Kuwait,Lynch Court Fort,Urban,low,Sep-Nov,"nightlife, wildlife, skiing"
Rajasthan,India,Hawa Mahal,Cultural,medium,Sep-Nov,"trekking, technology, shopping, nightlife"
New Mexico,Jersey,Kristen Brook Bay,Urban,high,June-Aug,"temple visit, technology, trekking, skiing"
Delhi,India,Qutub Minar,Mountain,luxury,Jan-Mar,"wildlife, safari, skiing, culture"
Goa,India,Baga Beach,Mountain,high,June-Aug,"wildlife, relaxing, yoga"
Rajasthan,India,Hawa Mahal,Beach,medium,Mar-May,"culture, skiing"
Alaska,Jordan,Sanchez Flats Fort,Historical,medium,June-Aug,"nightlife, relaxing, surfing"
Nevada,Cyprus,Anderson Keys Tower,Desert,luxury,Dec-Feb,"technology, yoga, temple visit, relaxing"
Colorado,South Georgia and the South Sandwich Islands,Michael Common Beach,Urban,medium,Sep-Nov,"safari, nightlife"
Alabama,Dominican Republic,Sean Curve Park,Urban,low,June-Aug,"shopping, surfing"
Delaware,Kazakhstan,Robert Cape Beach,Historical,high,Mar-May,"surfing, skiing"
New Mexico,Rwanda,Underwood Village Fort,Adventure,medium,Dec-Feb,"nightlife, temple visit, trekking"
Mississippi,Ecuador,Susan Lodge Temple,Desert,medium,June-Aug,"shopping, technology, surfing, trekking"
Oklahoma,United Arab Emirates,Lewis Manor Beach,Mountain,medium,Sep-Nov,"temple visit, yoga, technology, culture"
New York,Hungary,Erica Isle Beach,Desert,medium,Jan-Mar,"surfing, temple visit, culture, technology"
Virginia,Ireland,Jennifer Squares Temple,Urban,low,Jan-Mar,"food, shopping, surfing"
Illinois,Bulgaria,Bryant Ports Beach,Desert,high,June-Aug,"technology, food, temple visit"
Maharashtra,India,Ajanta Caves,Cultural,low,Jan-Mar,"relaxing, yoga, shopping, safari"
Minnesota,Swaziland,William Park Park,Urban,high,Mar-May,"yoga, nightlife"
West Bengal,India,Victoria Memorial,Urban,medium,June-Aug,"yoga, trekking, safari"
Maine,Bhutan,Katie Mall Tower,Adventure,medium,Sep-Nov,"shopping, skiing"
Uttarakhand,India,Kedarnath,Mountain,medium,Dec-Feb,"relaxing, technology"
Georgia,Kenya,Joe Coves Temple,Urban,luxury,June-Aug,"temple visit, shopping, food"
West Virginia,Vietnam,Oconnor Crescent Temple,Cultural,high,Dec-Feb,"food, yoga, wildlife, trekking"
Illinois,Northern Mariana Islands,Omar Springs Temple,Beach,low,Dec-Feb,"culture, food"
Wyoming,Saint Vincent and the Grenadines,Price Harbors Beach,Urban,medium,Sep-Nov,"skiing, shopping, surfing"
New Jersey,South Georgia and the South Sandwich Islands,Moreno Estates Bay,Historical,low,Jan-Mar,"yoga, skiing"
Ladakh,India,Magnetic Hill,Mountain,low,June-Aug,"skiing, safari"
New Jersey,Canada,Reyes Crest Fort,Cultural,low,Dec-Feb,"safari, nightlife"
South Dakota,Germany,Becker Mountain Tower,Mountain,luxury,Sep-Nov,"wildlife, trekking, nightlife, temple visit"
Rhode Island,Northern Mariana Islands,Phyllis Coves Bay,Mountain,high,Mar-May,"food, safari, temple visit, wildlife"
Goa,India,Dudhsagar Falls,Beach,medium,Dec-Feb,"safari, culture"
Karnataka,India,Hampi,Mountain,high,June-Aug,"surfing, food, wildlife, temple visit"
South Carolina,Bolivia,David Lights Temple,Adventure,medium,June-Aug,"food, technology, yoga, nightlife"
Maharashtra,India,Ajanta Caves,Historical,medium,June-Aug,"trekking, yoga, surfing, temple visit"
Alaska,Malta,Miller Walks Beach,Beach,medium,June-Aug,"temple visit, safari, wildlife"
Mississippi,French Guiana,Amy Stravenue Park,Mountain,medium,Sep-Nov,"skiing, surfing, relaxing"
Arkansas,Jamaica,Martin Estates Park,Historical,medium,June-Aug,"temple visit, wildlife, trekking, yoga"
Himachal Pradesh,India,Rohtang Pass,Historical,medium,Sep-Nov,"surfing, culture, temple visit, shopping"
Uttarakhand,India,Rishikesh,Adventure,luxury,June-Aug,"shopping, trekking"
New Hampshire,Sri Lanka,Riddle Manor Park,Mountain,luxury,June-Aug,"food, safari, relaxing"
Georgia,Bulgaria,Megan Burg Tower,Historical,low,June-Aug,"trekking, safari"
Wyoming,Germany,Deborah Pine Temple,Beach,high,June-Aug,"technology, food, trekking, culture"
Kerala,India,Alleppey Backwaters,Cultural,low,June-Aug,"shopping, technology, yoga"
Goa,India,Baga Beach,Adventure,medium,Sep-Nov,"shopping, safari, skiing, surfing"
Mississippi,Madagascar,Hector Meadow Beach,Beach,high,Dec-Feb,"technology, relaxing, skiing, shopping"
Florida,American Samoa,Sanchez Gateway Park,Historical,medium,Dec-Feb,"yoga, relaxing, trekking, food"
Uttar Pradesh,India,Taj Mahal,Urban,high,Dec-Feb,"culture, trekking, safari, surfing"
Virginia,China,John Highway Tower,Adventure,medium,Dec-Feb,"wildlife, yoga, temple visit, trekking"
Tamil Nadu,India,Meenakshi Temple,Desert,luxury,Dec-Feb,"relaxing, shopping, food, safari"
Himachal Pradesh,India,Solang Valley,Mountain,luxury,Jan-Mar,"nightlife, shopping"
Kerala,India,Alleppey Backwaters,Urban,high,Sep-Nov,"food, wildlife, surfing, safari"
Colorado,Chad,Brown Viaduct Bay,Historical,low,June-Aug,"technology, food, yoga, trekking"
Wyoming,Colombia,Kennedy Ways Park,Desert,high,Jan-Mar,"trekking, wildlife, culture"
Oklahoma,Bouvet Island (Bouvetoya),Adam Crossroad Temple,Desert,high,Dec-Feb,"surfing, relaxing, shopping"
Himachal Pradesh,India,Rohtang Pass,Desert,luxury,Jan-Mar,"shopping, trekking"
Delhi,India,Qutub Minar,Beach,luxury,Sep-Nov,"food, relaxing, skiing"
Florida,Oman,Tyler Shoals Beach,Beach,high,Sep-Nov,"wildlife, food, yoga"
Vermont,Namibia,Ford Rue Beach,Desert,low,June-Aug,"wildlife, relaxing"
Iowa,Sudan,Barrett Walks Park,Desert,high,Sep-Nov,"wildlife, food, culture, relaxing"
Ohio,United Kingdom,Diane Ford Park,Desert,high,June-Aug,"skiing, trekking, temple visit"
Idaho,Senegal,Harris Ranch Fort,Adventure,high,Jan-Mar,"food, surfing, culture, technology"
Idaho,Netherlands Antilles,Linda Summit Fort,Urban,medium,Jan-Mar,"skiing, technology, food"
Rajasthan,India,Hawa Mahal,Urban,luxury,Dec-Feb,"food, culture"
Alaska,Western Sahara,Heather Pine Temple,Historical,medium,June-Aug,"relaxing, shopping, yoga"
Colorado,Finland,Johnson Light Tower,Urban,luxury,Dec-Feb,"safari, relaxing, trekking, shopping"
Vermont,Nauru,Lopez Ports Bay,Adventure,high,Mar-May,"safari, skiing"
Mississippi,Mauritius,Schaefer Curve Tower,Mountain,high,Mar-May,"yoga, shopping, wildlife, trekking"
West Bengal,India,Sundarbans,Historical,high,Jan-Mar,"trekking, culture"
New Mexico,Argentina,Bernard Grove Bay,Cultural,medium,June-Aug,"surfing, relaxing, skiing"
West Bengal,India,Sundarbans,Historical,medium,Dec-Feb,"relaxing, skiing"
Delhi,India,Qutub Minar,Beach,medium,Mar-May,"yoga, nightlife"
Kentucky,Netherlands,Gerald Stream Temple,Desert,low,Sep-Nov,"yoga, shopping, safari"
Goa,India,Dudhsagar Falls,Mountain,luxury,June-Aug,"technology, trekking, surfing, relaxing"
New York,Guernsey,Butler View Beach,Urban,luxury,June-Aug,"technology, nightlife, food, shopping"
Mississippi,Palestinian Territory,Martin Spur Beach,Desert,low,June-Aug,"yoga, skiing, wildlife"
Kentucky,Timor-Leste,Murray Roads Fort,Mountain,luxury,Sep-Nov,"culture, food, yoga, wildlife"
Louisiana,Nauru,Taylor Isle Park,Cultural,luxury,Mar-May,"surfing, safari, food"
Rajasthan,India,Amber Fort,Urban,low,Dec-Feb,"surfing, safari, technology, shopping"
Michigan,French Polynesia,Lori Mountain Park,Desert,high,Dec-Feb,"wildlife, skiing"
West Bengal,India,Victoria Memorial,Cultural,luxury,Mar-May,"surfing, food, nightlife"
Delhi,India,Qutub Minar,Adventure,low,Sep-Nov,"temple visit, skiing, wildlife"
Rajasthan,India,Hawa Mahal,Mountain,high,Jan-Mar,"safari, yoga, skiing"
Indiana,Isle of Man,John Motorway Bay,Beach,medium,Dec-Feb,"temple visit, relaxing, yoga"
Uttar Pradesh,India,Varanasi Ghats,Adventure,low,June-Aug,"wildlife, yoga, trekking"
Tamil Nadu,India,Meenakshi Temple,Adventure,luxury,Mar-May,"wildlife, yoga, temple visit"
Uttar Pradesh,India,Taj Mahal,Historical,low,Dec-Feb,"relaxing, skiing, technology"
Connecticut,Congo,Christopher Parkway Beach,Historical,medium,Dec-Feb,"surfing, yoga"
Iowa,Austria,Joel Corner Park,Mountain,medium,June-Aug,"wildlife, nightlife"
Kerala,India,Alleppey Backwaters,Adventure,low,Sep-Nov,"safari, shopping"
Wisconsin,Saint Pierre and Miquelon,Watkins Coves Park,Urban,luxury,Mar-May,"temple visit, yoga"
Utah,Syrian Arab Republic,Cindy Knolls Beach,Desert,medium,June-Aug,"food, relaxing"
Maharashtra,India,Gateway of India,Cultural,medium,Dec-Feb,"shopping, yoga"
Tamil Nadu,India,Meenakshi Temple,Cultural,high,Sep-Nov,"technology, skiing, culture, temple visit"
Hawaii,Mayotte,Snyder Fort Tower,Historical,luxury,June-Aug,"trekking, food, safari, shopping"
Maine,Albania,John Fields Beach,Desert,high,June-Aug,"skiing, technology"
Alabama,Ukraine,Jessica Port Fort,Beach,luxury,June-Aug,"safari, shopping"
Rajasthan,India,Amber Fort,Urban,low,Dec-Feb,"technology, relaxing, food"
Maharashtra,India,Gateway of India,Desert,medium,Jan-Mar,"culture, nightlife, food, technology"
Alaska,Suriname,David Radial Bay,Historical,luxury,June-Aug,"wildlife, food, relaxing"
Oklahoma,Gibraltar,Mindy Spur Park,Cultural,luxury,Mar-May,"shopping, temple visit, wildlife, nightlife"
Arizona,Guatemala,Matthews Junction Temple,Urban,luxury,Dec-Feb,"temple visit, trekking, nightlife"
Himachal Pradesh,India,Solang Valley,Urban,medium,Jan-Mar,"yoga, technology, surfing, nightlife"
Rajasthan,India,Hawa Mahal,Beach,high,June-Aug,"culture, nightlife, relaxing"
Uttarakhand,India,Rishikesh,Historical,low,Dec-Feb,"wildlife, shopping, skiing"
Iowa,Montserrat,Megan Neck Beach,Beach,low,Sep-Nov,"skiing, relaxing, nightlife, shopping"
Oklahoma,Taiwan,Michele Cliffs Bay,Cultural,medium,Jan-Mar,"shopping, yoga, trekking, skiing"
Missouri,Austria,Robertson Field Fort,Urban,medium,Mar-May,"skiing, shopping, surfing"
Connecticut,Mozambique,Frank Parkway Bay,Adventure,medium,June-Aug,"trekking, technology, safari"
Connecticut,United Arab Emirates,Wright Creek Park,Adventure,high,Mar-May,"nightlife, skiing, culture, technology"
Idaho,South Georgia and the South Sandwich Islands,Allen Burgs Tower,Cultural,high,Sep-Nov,"relaxing, skiing"
New Jersey,Uganda,Williams Meadows Tower,Adventure,medium,Mar-May,"surfing, nightlife, culture, technology"
Massachusetts,Chile,Jamie Meadows Bay,Urban,medium,Dec-Feb,"relaxing, temple visit, nightlife, wildlife"
Florida,French Polynesia,Travis Trail Tower,Adventure,high,Dec-Feb,"culture, shopping, skiing"
Wyoming,Faroe Islands,Mark Club Fort,Historical,medium,Sep-Nov,"nightlife, food, wildlife"
West Bengal,India,Victoria Memorial,Desert,high,Mar-May,"nightlife, skiing"
Rajasthan,India,Hawa Mahal,Urban,luxury,Jan-Mar,"shopping, temple visit, technology"
Washington,Azerbaijan,Robert Mills Tower,Mountain,luxury,Mar-May,"skiing, surfing"
Alabama,France,Diana Plains Fort,Urban,low,Sep-Nov,"trekking, surfing"
Karnataka,India,Mysore Palace,Desert,low,Jan-Mar,"technology, skiing, trekking"
Rajasthan,India,Hawa Mahal,Desert,low,Dec-Feb,"relaxing, skiing"
Iowa,Sierra Leone,Mendez Club Beach,Beach,luxury,Mar-May,"wildlife, temple visit"
New York,Burkina Faso,Bates Street Temple,Historical,low,Dec-Feb,"trekking, nightlife"
Ladakh,India,Magnetic Hill,Desert,luxury,Dec-Feb,"skiing, wildlife, temple visit, yoga"
Montana,Pakistan,John Ford Tower,Historical,low,Sep-Nov,"culture, nightlife, food"
Himachal Pradesh,India,Solang Valley,Desert,high,June-Aug,"yoga, technology"
Texas,Canada,Dennis Avenue Temple,Historical,luxury,Dec-Feb,"yoga, relaxing"
Delaware,Zambia,Kim Road Beach,Mountain,medium,Jan-Mar,"shopping, technology"
South Dakota,Isle of Man,Leblanc Shoal Tower,Desert,low,Mar-May,"skiing, shopping, culture, nightlife"
Washington,Germany,Thomas Valleys Tower,Historical,medium,Sep-Nov,"nightlife, safari"
Oregon,Cote d'Ivoire,Dylan Cliffs Park,Urban,medium,Sep-Nov,"culture, skiing, safari"
Uttarakhand,India,Kedarnath,Adventure,medium,Jan-Mar,"culture, relaxing"
Washington,French Polynesia,Eric Rapid Beach,Mountain,high,Jan-Mar,"trekking, surfing, technology"
Kentucky,Timor-Leste,Taylor Locks Park,Adventure,high,Dec-Feb,"food, surfing, temple visit, nightlife"
Louisiana,Saint Martin,Robert Orchard Temple,Desert,medium,Sep-Nov,"skiing, culture"
Arkansas,Peru,Jackie Rapid Bay,Beach,medium,Dec-Feb,"wildlife, safari, food, trekking"
Colorado,Poland,Gardner Islands Beach,Beach,low,Jan-Mar,"technology, food, temple visit, relaxing"
West Bengal,India,Victoria Memorial,Beach,high,Jan-Mar,"skiing, surfing, nightlife"
Delhi,India,Qutub Minar,Desert,luxury,Jan-Mar,"trekking, food"
Arizona,Benin,Whitney Ford Temple,Urban,low,June-Aug,"skiing, food, safari"
Oklahoma,Faroe Islands,Anthony Burgs Park,Historical,medium,Jan-Mar,"technology, temple visit"
Kerala,India,Alleppey Backwaters,Urban,luxury,Jan-Mar,"skiing, food, wildlife"
Himachal Pradesh,India,Solang Valley,Mountain,high,Dec-Feb,"technology, shopping, culture"
Kerala,India,Munnar Tea Gardens,Beach,medium,June-Aug,"safari, technology, wildlife, shopping"
Alabama,Vanuatu,Kelly Station Tower,Historical,low,Dec-Feb,"relaxing, surfing, shopping"
Vermont,Ukraine,Whitney Plains Bay,Cultural,medium,Dec-Feb,"surfing, skiing, yoga"
Nebraska,Antarctica (the territory South of 60 deg S),Brad Glen Fort,Historical,luxury,Jan-Mar,"culture, technology"
Rhode Island,Egypt,Gray Road Tower,Cultural,medium,Jan-Mar,"skiing, food"
Ladakh,India,Magnetic Hill,Urban,high,Jan-Mar,"yoga, wildlife, technology"
Michigan,Bouvet Island (Bouvetoya),Steven Island Bay,Beach,low,Dec-Feb,"safari, temple visit"
Tamil Nadu,India,Meenakshi Temple,Adventure,high,June-Aug,"technology, yoga"
North Carolina,Germany,David Lock Tower,Beach,luxury,Mar-May,"yoga, food, safari"
Maryland,Greece,Kelly Motorway Park,Mountain,luxury,Jan-Mar,"technology, culture, wildlife, trekking"
Maryland,Libyan Arab Jamahiriya,Cook Village Tower,Adventure,low,Dec-Feb,"temple visit, food, relaxing"
Delhi,India,India Gate,Desert,luxury,Dec-Feb,"nightlife, culture"
Connecticut,Namibia,Frances Branch Bay,Cultural,medium,Jan-Mar,"yoga, temple visit, surfing"
Uttarakhand,India,Rishikesh,Beach,medium,June-Aug,"yoga, temple visit, skiing, safari"
Indiana,Namibia,Martin Flat Tower,Desert,medium,Mar-May,"safari, skiing"
Kerala,India,Alleppey Backwaters,Historical,luxury,Mar-May,"wildlife, food, culture, technology"
Florida,Cuba,Brown Gateway Beach,Historical,low,Mar-May,"temple visit, culture, yoga, wildlife"
California,Eritrea,Mccormick Square Bay,Historical,luxury,June-Aug,"trekking, temple visit, wildlife"
Rajasthan,India,Amber Fort,Cultural,medium,June-Aug,"trekking, temple visit, technology"
New Hampshire,Oman,Kimberly Ridges Bay,Historical,low,Mar-May,"wildlife, temple visit, culture, technology"
Tamil Nadu,India,Meenakshi Temple,Beach,low,Sep-Nov,"wildlife, shopping, surfing, culture"
Colorado,Greece,Washington Overpass Temple,Urban,low,June-Aug,"technology, safari, temple visit"
Missouri,Burkina Faso,Jeffrey Prairie Bay,Beach,luxury,Jan-Mar,"surfing, yoga"
Goa,India,Baga Beach,Desert,medium,Sep-Nov,"yoga, relaxing"
Karnataka,India,Mysore Palace,Desert,medium,Jan-Mar,"temple visit, shopping"
Idaho,Samoa,Sara Forges Fort,Mountain,medium,June-Aug,"food, relaxing, trekking"
Nevada,Reunion,Sampson Loop Temple,Desert,luxury,Dec-Feb,"technology, nightlife, relaxing"
New Mexico,French Polynesia,Susan Hills Fort,Cultural,luxury,June-Aug,"technology, shopping"
Texas,Turks and Caicos Islands,Hawkins Rue Temple,Urban,low,June-Aug,"wildlife, yoga"
Michigan,Somalia,Rogers Garden Tower,Adventure,low,Mar-May,"relaxing, technology, food, yoga"
Colorado,Finland,Turner Locks Bay,Historical,medium,Dec-Feb,"shopping, skiing, temple visit, safari"
North Carolina,Turkmenistan,Goodman Heights Bay,Desert,low,Dec-Feb,"technology, yoga"
Tamil Nadu,India,Ooty,Mountain,medium,Sep-Nov,"safari, nightlife, yoga, temple visit"
Minnesota,Liechtenstein,Watts Ports Tower,Historical,luxury,Jan-Mar,"temple visit, technology, relaxing, culture"
Iowa,Saint Vincent and the Grenadines,Sellers Via Beach,Cultural,high,Mar-May,"surfing, food"
Karnataka,India,Hampi,Beach,medium,Dec-Feb,"culture, temple visit, yoga, safari"
South Dakota,Saint Helena,Fox Ramp Park,Urban,low,Sep-Nov,"temple visit, wildlife, yoga"
Oregon,Slovenia,Brown Prairie Beach,Beach,low,Dec-Feb,"shopping, trekking, food, relaxing"
Tennessee,Nepal,Ramos Run Bay,Adventure,high,Dec-Feb,"shopping, trekking, skiing, temple visit"
Idaho,Cuba,Jonathan Grove Park,Adventure,high,Jan-Mar,"shopping, temple visit, yoga, safari"
Karnataka,India,Mysore Palace,Cultural,low,June-Aug,"safari, yoga, nightlife, relaxing"
Uttarakhand,India,Rishikesh,Cultural,high,June-Aug,"surfing, relaxing"
Montana,Philippines,Moore Vista Tower,Cultural,luxury,Dec-Feb,"culture, skiing, trekking"
Virginia,Syrian Arab Republic,Carpenter Avenue Temple,Urban,low,Dec-Feb,"relaxing, wildlife"
Goa,India,Baga Beach,Beach,luxury,Sep-Nov,"yoga, food, nightlife"
Nebraska,Guinea,Marie Flat Park,Cultural,high,Jan-Mar,"temple visit, safari"
Kerala,India,Munnar Tea Gardens,Desert,low,Mar-May,"trekking, yoga, wildlife"
Maharashtra,India,Gateway of India,Beach,medium,Dec-Feb,"skiing, trekking, culture"
Massachusetts,Bermuda,Steven Bypass Fort,Mountain,low,Mar-May,"wildlife, surfing, temple visit"
Hawaii,Christmas Island,Cole Junction Bay,Adventure,low,Dec-Feb,"food, wildlife, safari, skiing"
Oklahoma,Guinea,Sandra Mission Beach,Historical,low,Sep-Nov,"shopping, skiing, temple visit, wildlife"
South Carolina,Saint Pierre and Miquelon,Sean Coves Tower,Adventure,high,Dec-Feb,"culture, wildlife"
Alaska,Bhutan,Stephanie Island Park,Mountain,high,Mar-May,"nightlife, technology, shopping"
Massachusetts,Central African Republic,Lee Lane Tower,Beach,high,Jan-Mar,"trekking, temple visit, yoga"
Utah,Uruguay,Soto Spur Beach,Historical,low,Sep-Nov,"nightlife, trekking"
Uttar Pradesh,India,Taj Mahal,Cultural,medium,Dec-Feb,"nightlife, yoga"
North Dakota,Morocco,Hobbs Locks Fort,Adventure,luxury,Sep-Nov,"temple visit, relaxing, nightlife, wildlife"
Goa,India,Baga Beach,Cultural,high,Jan-Mar,"wildlife, food"
Indiana,San Marino,Carlos Locks Beach,Desert,high,Sep-Nov,"culture, safari, technology, trekking"
Oregon,Latvia,Smith Haven Tower,Mountain,high,Mar-May,"safari, surfing, shopping"
Kerala,India,Alleppey Backwaters,Beach,low,Mar-May,"technology, nightlife, culture, food"
Nebraska,French Polynesia,Steven Knolls Temple,Cultural,luxury,June-Aug,"technology, shopping, skiing"
Uttarakhand,India,Kedarnath,Desert,luxury,Mar-May,"trekking, technology, food, temple visit"
Uttarakhand,India,Kedarnath,Cultural,luxury,Mar-May,"technology, culture, nightlife"
Rajasthan,India,Hawa Mahal,Urban,high,Sep-Nov,"surfing, skiing"
Rajasthan,India,Amber Fort,Adventure,low,June-Aug,"yoga, surfing, culture"
Goa,India,Dudhsagar Falls,Beach,high,Sep-Nov,"nightlife, trekking, surfing, technology"
Iowa,Papua New Guinea,Johnson Causeway Fort,Urban,low,June-Aug,"yoga, technology"
Himachal Pradesh,India,Solang Valley,Mountain,luxury,Sep-Nov,"nightlife, yoga, food, relaxing"
Iowa,Portugal,Smith Mountains Tower,Cultural,high,June-Aug,"wildlife, relaxing, surfing, trekking"
Rhode Island,Sierra Leone,Tammy Extension Park,Historical,luxury,Jan-Mar,"surfing, food, culture, relaxing"
Pennsylvania,Qatar,Tate Plain Fort,Adventure,low,Jan-Mar,"nightlife, wildlife, food, surfing"
Uttar Pradesh,India,Taj Mahal,Adventure,luxury,June-Aug,"temple visit, technology"
Wisconsin,Antigua and Barbuda,Davis Path Beach,Desert,high,Dec-Feb,"culture, surfing, food"
Ohio,United States of America,Brent Crossroad Bay,Cultural,medium,Jan-Mar,"skiing, temple visit"
Goa,India,Dudhsagar Falls,Cultural,high,Sep-Nov,"skiing, relaxing, food, wildlife"
Utah,Kazakhstan,Charles Grove Fort,Mountain,medium,June-Aug,"nightlife, relaxing, yoga"
Arkansas,Tajikistan,Paula Fort Fort,Beach,low,Dec-Feb,"wildlife, temple visit, nightlife"
South Dakota,Samoa,Griffin Harbor Temple,Historical,high,Dec-Feb,"temple visit, surfing"
South Dakota,Cocos (Keeling) Islands,Deborah Way Park,Mountain,high,Jan-Mar,"safari, culture, nightlife, skiing"
Maryland,Lesotho,Linda Freeway Tower,Mountain,high,Jan-Mar,"yoga, food"
Connecticut,Jersey,Peterson Ridges Park,Beach,luxury,June-Aug,"yoga, temple visit, surfing, wildlife"
Rhode Island,Madagascar,Vaughn Corners Bay,Historical,high,Sep-Nov,"surfing, food, shopping"
Karnataka,India,Hampi,Urban,high,June-Aug,"food, temple visit, yoga"
North Carolina,Gambia,Lori Brook Bay,Cultural,medium,Dec-Feb,"safari, skiing, trekking"
Mississippi,Sierra Leone,Carolyn Estate Park,Beach,low,Sep-Nov,"shopping, trekking, nightlife, technology"
North Dakota,Saint Pierre and Miquelon,Adams Place Beach,Beach,low,June-Aug,"safari, shopping"
West Virginia,Uzbekistan,Watts Motorway Temple,Historical,low,Sep-Nov,"food, surfing, yoga"
Tamil Nadu,India,Ooty,Cultural,high,Jan-Mar,"safari, nightlife, culture"
Louisiana,Greece,Taylor Haven Bay,Adventure,low,Dec-Feb,"shopping, culture, trekking"
Delhi,India,India Gate,Desert,low,June-Aug,"food, culture, surfing, technology"
Iowa,Wallis and Futuna,Nicholas Oval Bay,Beach,medium,June-Aug,"food, temple visit, nightlife"
Rhode Island,Botswana,Morrison Burg Fort,Cultural,low,Jan-Mar,"shopping, trekking, relaxing"
New Jersey,Korea,Robinson Field Fort,Urban,high,Dec-Feb,"temple visit, surfing, shopping"
Himachal Pradesh,India,Rohtang Pass,Adventure,high,Sep-Nov,"food, trekking"
South Carolina,Nicaragua,Hardin Points Bay,Cultural,low,Sep-Nov,"temple visit, nightlife"
Ladakh,India,Pangong Lake,Adventure,medium,Mar-May,"food, shopping"
Himachal Pradesh,India,Rohtang Pass,Mountain,low,June-Aug,"wildlife, yoga, shopping"
Maharashtra,India,Gateway of India,Mountain,high,Sep-Nov,"yoga, shopping, nightlife, surfing"
Hawaii,Albania,Brian Inlet Bay,Urban,medium,Dec-Feb,"skiing, safari, technology"
Arizona,Azerbaijan,Norris Mountain Tower,Desert,high,Jan-Mar,"culture, yoga, relaxing"
Kentucky,Congo,Torres Way Bay,Beach,high,Mar-May,"temple visit, surfing, nightlife, relaxing"
California,Benin,Berger Turnpike Temple,Urban,luxury,June-Aug,"nightlife, surfing, yoga"
West Virginia,Micronesia,Steven Cliff Fort,Adventure,medium,June-Aug,"trekking, nightlife"
Utah,Mali,Jeffery Lights Park,Historical,medium,June-Aug,"skiing, safari, nightlife"
New Mexico,Comoros,Pamela Cape Park,Historical,luxury,Dec-Feb,"safari, food"
New Hampshire,Trinidad and Tobago,Williams Crest Tower,Beach,low,Mar-May,"nightlife, yoga"
Wisconsin,Macao,Morgan Cliff Tower,Adventure,high,June-Aug,"yoga, relaxing"
North Dakota,Maldives,Robert Greens Temple,Urban,low,Mar-May,"temple visit, shopping, trekking"
Kentucky,Qatar,Pratt Shoals Bay,Historical,low,Dec-Feb,"nightlife, technology"
Hawaii,Saint Kitts and Nevis,Baker Landing Temple,Cultural,luxury,June-Aug,"technology, skiing"
Connecticut,Portugal,Rachel Shore Temple,Mountain,medium,Dec-Feb,"relaxing, temple visit, nightlife, food"
Virginia,Pitcairn Islands,Amanda Flat Beach,Adventure,high,Jan-Mar,"technology, temple visit, food"
Utah,Hong Kong,Bailey Village Park,Adventure,medium,Jan-Mar,"trekking, shopping"
New Hampshire,Zambia,Michelle Flat Bay,Mountain,luxury,Dec-Feb,"nightlife, food"
New Jersey,Cameroon,Sandra Vista Park,Beach,high,June-Aug,"relaxing, skiing, surfing"
Minnesota,Nigeria,Mia Track Tower,Desert,medium,Jan-Mar,"technology, nightlife, safari, food"
Maryland,Bosnia and Herzegovina,Dickerson Corner Park,Historical,luxury,June-Aug,"temple visit, trekking"
New York,China,Emily Camp Bay,Cultural,medium,Mar-May,"shopping, culture, temple visit, nightlife"
Nebraska,Reunion,Lee Park Fort,Urban,medium,Sep-Nov,"nightlife, culture, temple visit, surfing"
Idaho,Brunei Darussalam,Christopher Unions Tower,Historical,low,Sep-Nov,"skiing, relaxing, trekking, culture"
Ladakh,India,Pangong Lake,Desert,low,Jan-Mar,"safari, food, temple visit, wildlife"
Maine,Canada,Perez Ramp Beach,Historical,high,Dec-Feb,"yoga, temple visit, food"
Pennsylvania,Croatia,Martinez Street Bay,Urban,high,Mar-May,"surfing, food"
Karnataka,India,Mysore Palace,Mountain,low,Dec-Feb,"yoga, wildlife"
Delhi,India,Qutub Minar,Adventure,high,Jan-Mar,"food, skiing"
Iowa,Bosnia and Herzegovina,Young Inlet Bay,Urban,medium,June-Aug,"shopping, yoga"
Florida,Isle of Man,Mark Causeway Fort,Mountain,medium,Jan-Mar,"nightlife, wildlife"
South Dakota,Denmark,Li Prairie Fort,Urban,low,June-Aug,"wildlife, shopping, temple visit"
New Jersey,Gambia,Bennett Neck Tower,Mountain,medium,Mar-May,"safari, temple visit, relaxing, trekking"
Nebraska,British Indian Ocean Territory (Chagos Archipelago),Andrew Roads Fort,Cultural,luxury,Jan-Mar,"yoga, nightlife, surfing, shopping"
Maharashtra,India,Gateway of India,Historical,medium,June-Aug,"food, skiing"
Maharashtra,India,Ajanta Caves,Cultural,low,Dec-Feb,"trekking, temple visit, surfing, wildlife"
Rhode Island,Greece,Christy Hill Temple,Cultural,low,Dec-Feb,"shopping, trekking"
Montana,Malaysia,Susan Squares Tower,Desert,high,Dec-Feb,"technology, safari"
New Jersey,New Caledonia,Kevin Stream Fort,Adventure,luxury,Dec-Feb,"yoga, safari, technology"
Hawaii,Antarctica (the territory South of 60 deg S),Moore Isle Tower,Cultural,medium,Sep-Nov,"nightlife, skiing"
Karnataka,India,Mysore Palace,Historical,high,Sep-Nov,"culture, food"
North Carolina,Tonga,Randall Alley Temple,Historical,luxury,Jan-Mar,"culture, shopping"
Minnesota,Tajikistan,Tina Ranch Beach,Urban,low,Dec-Feb,"wildlife, skiing, yoga, shopping"
Maharashtra,India,Gateway of India,Cultural,high,Jan-Mar,"nightlife, food, culture"
Kansas,Cote d'Ivoire,Smith Mills Beach,Historical,luxury,Dec-Feb,"temple visit, shopping, relaxing, technology"
Goa,India,Dudhsagar Falls,Beach,luxury,Mar-May,"surfing, wildlife"
Wisconsin,Tunisia,Wells Summit Bay,Beach,luxury,Sep-Nov,"technology, shopping, trekking, skiing"
Maryland,Hungary,Scott Plains Fort,Mountain,low,Sep-Nov,"shopping, wildlife, trekking"
New York,Belarus,Gloria Falls Temple,Cultural,high,June-Aug,"surfing, temple visit, safari"
Alaska,Qatar,Parker Circles Tower,Urban,luxury,Jan-Mar,"surfing, culture"
South Carolina,Denmark,Michael Cliffs Fort,Cultural,low,Dec-Feb,"safari, surfing"
Pennsylvania,Swaziland,Chavez Motorway Temple,Cultural,luxury,June-Aug,"relaxing, culture, surfing"
Missouri,Netherlands,Oconnor Flats Park,Cultural,low,Dec-Feb,"surfing, shopping"
New Hampshire,Faroe Islands,Richard Knoll Fort,Adventure,luxury,Dec-Feb,"relaxing, nightlife, shopping, yoga"
Wyoming,Cuba,Roberts Road Tower,Urban,medium,Mar-May,"trekking, shopping"
Maharashtra,India,Ajanta Caves,Beach,medium,Jan-Mar,"skiing, nightlife, relaxing, shopping"
Maine,Albania,Christopher Prairie Tower,Desert,low,Sep-Nov,"trekking, food"
West Bengal,India,Victoria Memorial,Urban,luxury,June-Aug,"culture, technology"
Texas,Moldova,Smith Port Park,Beach,high,Dec-Feb,"technology, skiing, food"
Ladakh,India,Magnetic Hill,Historical,high,Jan-Mar,"relaxing, culture, technology, safari"
North Carolina,Czech Republic,Jenna Spur Tower,Mountain,low,June-Aug,"relaxing, temple visit, culture"
Arkansas,Trinidad and Tobago,Smith Heights Bay,Desert,medium,Sep-Nov,"food, temple visit, relaxing, safari"
Hawaii,Bahrain,Jose Heights Beach,Desert,luxury,June-Aug,"wildlife, culture, nightlife, yoga"
Rajasthan,India,Hawa Mahal,Urban,luxury,Dec-Feb,"surfing, food"
Louisiana,Brunei Darussalam,Williams Row Tower,Mountain,medium,Sep-Nov,"shopping, skiing, culture, safari"
Delhi,India,Qutub Minar,Historical,luxury,Sep-Nov,"trekking, nightlife, temple visit"
Maine,Ecuador,White Stravenue Beach,Mountain,high,Jan-Mar,"culture, relaxing, nightlife"
Uttar Pradesh,India,Taj Mahal,Urban,low,Mar-May,"wildlife, skiing, shopping"
New York,Dominican Republic,James Via Beach,Urban,low,Mar-May,"safari, temple visit, trekking"
Oregon,Tanzania,Walton Estates Park,Adventure,medium,June-Aug,"relaxing, nightlife"
Colorado,Kuwait,Christopher Stravenue Tower,Historical,low,Dec-Feb,"safari, yoga"
Alabama,Greece,John Garden Bay,Historical,luxury,June-Aug,"safari, technology"
Ladakh,India,Pangong Lake,Mountain,luxury,Dec-Feb,"shopping, wildlife, skiing, food"
Rajasthan,India,Amber Fort,Beach,luxury,Jan-Mar,"yoga, trekking"
Himachal Pradesh,India,Solang Valley,Desert,luxury,Mar-May,"technology, surfing, shopping"
Mississippi,Swaziland,Schultz Villages Beach,Historical,luxury,June-Aug,"food, temple visit, surfing"
Karnataka,India,Mysore Palace,Beach,medium,Dec-Feb,"wildlife, shopping"
Tamil Nadu,India,Meenakshi Temple,Beach,medium,June-Aug,"temple visit, nightlife"
Maine,Bahamas,Lane Roads Tower,Cultural,medium,June-Aug,"nightlife, yoga, shopping, surfing"
West Virginia,Pitcairn Islands,Ramirez Fords Fort,Cultural,low,Sep-Nov,"technology, yoga, trekking"
Florida,Svalbard & Jan Mayen Islands,Fox Heights Beach,Beach,high,Mar-May,"shopping, food"
Arkansas,Bhutan,Chan Plains Tower,Desert,high,June-Aug,"skiing, yoga"
Connecticut,Congo,Brad Ridges Temple,Cultural,medium,Sep-Nov,"nightlife, safari"
Karnataka,India,Mysore Palace,Beach,luxury,June-Aug,"food, technology"
Indiana,Tuvalu,Justin Shores Fort,Adventure,medium,Sep-Nov,"technology, yoga, culture, temple visit"
Massachusetts,Australia,Collin Villages Fort,Cultural,low,Jan-Mar,"surfing, relaxing"
Maharashtra,India,Ajanta Caves,Cultural,luxury,Jan-Mar,"technology, temple visit"
Delaware,Guinea,Jason Rapid Temple,Cultural,high,Dec-Feb,"yoga, technology, food"
Kentucky,Egypt,Bryce Islands Tower,Mountain,luxury,Jan-Mar,"wildlife, relaxing"
Illinois,Seychelles,Andrew Spur Bay,Desert,low,Dec-Feb,"food, safari, yoga"
Ohio,Kazakhstan,Charles Crescent Park,Desert,luxury,Sep-Nov,"trekking, food, technology, skiing"
Texas,Kuwait,Benjamin Valleys Fort,Historical,luxury,Dec-Feb,"yoga, temple visit, shopping"
North Carolina,Azerbaijan,Barajas Locks Beach,Cultural,low,Jan-Mar,"technology, safari, skiing"
Illinois,Yemen,James Points Fort,Beach,medium,June-Aug,"yoga, culture"
New Mexico,Afghanistan,Rivers Ridges Park,Mountain,low,Mar-May,"technology, culture, skiing"
West Virginia,Peru,Nguyen Island Bay,Urban,high,Jan-Mar,"yoga, skiing, culture, safari"
North Carolina,Ethiopia,Kathleen Rapid Park,Mountain,high,Jan-Mar,"relaxing, safari, wildlife, food"
West Bengal,India,Victoria Memorial,Cultural,medium,June-Aug,"yoga, skiing, surfing, technology"
Idaho,Cook Islands,Hancock Green Tower,Cultural,low,Mar-May,"technology, temple visit"
Vermont,Netherlands Antilles,Andrea Island Fort,Desert,high,June-Aug,"culture, shopping, surfing"
Connecticut,Greece,Michael Overpass Beach,Cultural,high,Jan-Mar,"temple visit, yoga"
New Hampshire,Norway,Ashley Village Park,Adventure,high,Mar-May,"yoga, technology"
Louisiana,Venezuela,Jessica Stravenue Temple,Urban,low,Mar-May,"skiing, surfing"
Utah,Guyana,Scott Mews Fort,Desert,luxury,Jan-Mar,"relaxing, nightlife, wildlife"
Texas,Slovenia,Holt Plains Temple,Adventure,medium,Mar-May,"food, relaxing, safari"
Kerala,India,Alleppey Backwaters,Mountain,medium,Sep-Nov,"wildlife, surfing, relaxing"
Oregon,Bosnia and Herzegovina,Robinson Cove Tower,Adventure,low,Mar-May,"food, safari, culture"
North Dakota,Liberia,Joseph Fields Park,Urban,high,Jan-Mar,"shopping, wildlife"
Rajasthan,India,Hawa Mahal,Cultural,medium,June-Aug,"yoga, food, shopping, trekking"
Pennsylvania,Andorra,Joseph Ways Fort,Desert,low,June-Aug,"temple visit, technology"
Goa,India,Dudhsagar Falls,Mountain,high,June-Aug,"safari, surfing"
Oklahoma,Saint Lucia,Leon Cove Temple,Desert,medium,June-Aug,"nightlife, wildlife, culture"
West Bengal,India,Sundarbans,Urban,high,Sep-Nov,"nightlife, surfing"
Missouri,Holy See (Vatican City State),Rachel Creek Bay,Historical,high,Dec-Feb,"shopping, culture"
Florida,Argentina,Jacob Hollow Park,Historical,luxury,Sep-Nov,"wildlife, technology, temple visit"
Maine,Heard Island and McDonald Islands,Allison Club Bay,Mountain,luxury,Sep-Nov,"surfing, technology"
Colorado,Kyrgyz Republic,Holmes Keys Bay,Beach,medium,Jan-Mar,"technology, yoga"
Tennessee,Aruba,Christopher Forest Park,Urban,luxury,Mar-May,"technology, skiing"
Ladakh,India,Pangong Lake,Mountain,low,Mar-May,"technology, nightlife, culture"
Maryland,Argentina,Lane Loop Bay,Beach,medium,Jan-Mar,"culture, relaxing, nightlife"
Maryland,Bulgaria,Haley Lodge Park,Mountain,low,Sep-Nov,"nightlife, safari"
Pennsylvania,Tanzania,Emily Pass Fort,Historical,high,Dec-Feb,"technology, culture, food, safari"
Tennessee,Samoa,James Lake Bay,Historical,low,June-Aug,"relaxing, temple visit"
South Carolina,Guinea,Wright Crest Temple,Cultural,low,Mar-May,"temple visit, safari, surfing"
Indiana,New Caledonia,Stanley Lake Tower,Urban,medium,Dec-Feb,"skiing, food"
Hawaii,Tanzania,Roger Garden Fort,Desert,medium,Mar-May,"yoga, trekking, temple visit, shopping"
West Virginia,Togo,Patel Plaza Fort,Beach,luxury,Mar-May,"surfing, temple visit, wildlife"
Karnataka,India,Mysore Palace,Urban,high,Sep-Nov,"skiing, trekking, relaxing, yoga"
Himachal Pradesh,India,Rohtang Pass,Historical,medium,Mar-May,"wildlife, safari, trekking, shopping"
New Mexico,Zambia,Lisa Creek Fort,Beach,high,June-Aug,"relaxing, safari, nightlife, food"
California,Anguilla,Brown Stream Fort,Adventure,luxury,Jan-Mar,"shopping, surfing"
Illinois,Russian Federation,Gill Trafficway Temple,Mountain,low,Jan-Mar,"surfing, relaxing"
Massachusetts,Panama,Orozco Curve Fort,Beach,luxury,Jan-Mar,"trekking, food, technology, nightlife"
South Carolina,Bermuda,Dakota Unions Fort,Historical,high,Dec-Feb,"shopping, wildlife, technology, trekking"
Mississippi,Bosnia and Herzegovina,Bean Drive Bay,Beach,low,Dec-Feb,"food, skiing, surfing, yoga"
Florida,Korea,Ashley Fords Bay,Cultural,medium,Dec-Feb,"technology, nightlife, temple visit"
Rajasthan,India,Amber Fort,Mountain,high,Dec-Feb,"relaxing, temple visit, yoga, skiing"
California,Montenegro,Shannon Camp Tower,Desert,medium,June-Aug,"technology, temple visit, trekking"
Alaska,Dominica,Sarah Lodge Fort,Mountain,medium,June-Aug,"shopping, trekking, safari"
Rajasthan,India,Hawa Mahal,Desert,low,Sep-Nov,"culture, nightlife, temple visit, relaxing"
Pennsylvania,Monaco,Justin Estates Park,Desert,luxury,Mar-May,"safari, temple visit, food, skiing"
Tamil Nadu,India,Meenakshi Temple,Adventure,luxury,June-Aug,"nightlife, food"
Ohio,Palestinian Territory,Steven Forge Temple,Cultural,medium,June-Aug,"surfing, relaxing, safari, skiing"
Uttar Pradesh,India,Varanasi Ghats,Historical,medium,Dec-Feb,"skiing, yoga, food"
California,Sri Lanka,Hoover Falls Fort,Mountain,medium,Sep-Nov,"yoga, culture"
Maharashtra,India,Gateway of India,Cultural,high,Sep-Nov,"temple visit, culture, technology, nightlife"
Indiana,Timor-Leste,Wilson Isle Tower,Desert,medium,Jan-Mar,"yoga, culture, nightlife, skiing"
Hawaii,Burkina Faso,Steven Highway Temple,Beach,medium,June-Aug,"skiing, culture, safari"
Alaska,Sri Lanka,Brown Trail Park,Cultural,low,Mar-May,"relaxing, culture"
Nevada,Somalia,Johnson Underpass Bay,Cultural,high,Jan-Mar,"food, yoga"
Tamil Nadu,India,Meenakshi Temple,Desert,medium,Sep-Nov,"skiing, safari"
Connecticut,Aruba,Coleman Springs Fort,Adventure,luxury,Sep-Nov,"technology, safari, trekking"
Oregon,Mayotte,Carter Well Tower,Cultural,high,June-Aug,"relaxing, shopping"
Kerala,India,Munnar Tea Gardens,Beach,low,Sep-Nov,"yoga, skiing, trekking, shopping"
Rajasthan,India,Hawa Mahal,Mountain,low,Dec-Feb,"technology, shopping"
Kansas,Algeria,Elizabeth Tunnel Bay,Beach,low,Jan-Mar,"skiing, yoga, culture, relaxing"
Maharashtra,India,Ajanta Caves,Mountain,luxury,June-Aug,"relaxing, technology"
Michigan,Swaziland,Walker Mission Temple,Adventure,luxury,Dec-Feb,"food, safari, shopping"
Minnesota,Mauritania,Kelly Tunnel Temple,Cultural,medium,Mar-May,"shopping, culture, yoga, surfing"
Kentucky,Guam,Marcus Groves Temple,Mountain,high,Jan-Mar,"safari, nightlife, trekking, relaxing"
Uttarakhand,India,Rishikesh,Historical,luxury,June-Aug,"wildlife, culture"
Tamil Nadu,India,Meenakshi Temple,Adventure,medium,Sep-Nov,"skiing, shopping, relaxing"
Tamil Nadu,India,Meenakshi Temple,Desert,medium,Sep-Nov,"relaxing, surfing, food, safari"
Oregon,Nepal,Amanda Grove Temple,Beach,medium,Sep-Nov,"relaxing, temple visit"
Uttarakhand,India,Rishikesh,Desert,luxury,Mar-May,"skiing, nightlife, wildlife, relaxing"
New York,Cote d'Ivoire,Debra Prairie Fort,Desert,luxury,Dec-Feb,"skiing, relaxing"
Goa,India,Dudhsagar Falls,Desert,high,Jan-Mar,"wildlife, safari, surfing"
Massachusetts,Honduras,Roberts Way Bay,Adventure,luxury,June-Aug,"yoga, trekking, wildlife, skiing"
Uttar Pradesh,India,Varanasi Ghats,Desert,high,Jan-Mar,"food, yoga, culture"
Texas,Colombia,Brian Pines Tower,Beach,medium,Mar-May,"food, culture, nightlife"
Goa,India,Baga Beach,Beach,low,Jan-Mar,"nightlife, wildlife"
New Mexico,Ecuador,Michael Neck Park,Desert,luxury,June-Aug,"food, surfing, temple visit"
Montana,Brunei Darussalam,Scott Springs Tower,Urban,medium,June-Aug,"trekking, yoga"
Texas,Jersey,Murray Overpass Park,Urban,low,Mar-May,"technology, surfing, food, nightlife"
North Dakota,Svalbard & Jan Mayen Islands,Amy Pike Beach,Beach,luxury,June-Aug,"wildlife, technology"
Wisconsin,Madagascar,Sandra Glen Temple,Historical,medium,Jan-Mar,"shopping, temple visit, safari, technology"
West Bengal,India,Sundarbans,Beach,high,Sep-Nov,"wildlife, culture, technology"
Maryland,Palau,Martin Plain Tower,Adventure,high,Mar-May,"yoga, culture"
Colorado,Qatar,Russo Stravenue Tower,Desert,low,Sep-Nov,"skiing, culture, safari"
Idaho,Trinidad and Tobago,Orr Loop Tower,Adventure,high,Mar-May,"skiing, food"
New Hampshire,Belarus,Francis Squares Fort,Desert,low,Mar-May,"food, culture, relaxing, shopping"
Illinois,Niue,Smith Skyway Bay,Beach,medium,Mar-May,"relaxing, culture, trekking, wildlife"
Minnesota,Hong Kong,Abigail Plain Bay,Urban,high,Dec-Feb,"nightlife, wildlife"
Minnesota,Antarctica (the territory South of 60 deg S),Pierce Forge Tower,Beach,medium,Mar-May,"yoga, skiing, temple visit"
Delhi,India,Qutub Minar,Adventure,luxury,Jan-Mar,"relaxing, trekking"
California,Papua New Guinea,Sarah Harbors Fort,Desert,low,Sep-Nov,"safari, wildlife, surfing"
New York,Cyprus,Tony Field Park,Mountain,luxury,Mar-May,"technology, surfing"
North Carolina,Thailand,Julia Keys Fort,Mountain,luxury,June-Aug,"culture, temple visit, safari, nightlife"
Maharashtra,India,Ajanta Caves,Cultural,medium,Dec-Feb,"wildlife, surfing, skiing, culture"
North Carolina,Malawi,Hancock Plains Tower,Desert,luxury,Dec-Feb,"wildlife, surfing"
Kansas,Cyprus,Kane Lane Beach,Desert,luxury,Dec-Feb,"trekking, wildlife, food, surfing"
Pennsylvania,Malaysia,Irwin Mills Tower,Beach,medium,Jan-Mar,"food, skiing, nightlife, relaxing"
Hawaii,Montserrat,Hernandez Harbors Fort,Adventure,low,Dec-Feb,"technology, shopping, food"
Nebraska,Holy See (Vatican City State),Andersen Turnpike Fort,Mountain,low,Dec-Feb,"food, relaxing"
West Virginia,Armenia,Lawrence Loop Tower,Historical,luxury,Jan-Mar,"relaxing, skiing, nightlife, yoga"
New Jersey,Sweden,Dawn Branch Tower,Historical,high,Sep-Nov,"wildlife, trekking, food, shopping"
Ladakh,India,Pangong Lake,Cultural,luxury,June-Aug,"yoga, food, nightlife"
Maharashtra,India,Ajanta Caves,Historical,medium,Sep-Nov,"surfing, trekking"
Maharashtra,India,Gateway of India,Historical,low,Dec-Feb,"yoga, wildlife, relaxing"
Tamil Nadu,India,Meenakshi Temple,Historical,low,Sep-Nov,"culture, skiing, relaxing"
Hawaii,Antarctica (the territory South of 60 deg S),Garrett Trafficway Beach,Cultural,low,Dec-Feb,"technology, relaxing, skiing"
Florida,Norfolk Island,Olson Plaza Temple,Historical,low,June-Aug,"relaxing, yoga, safari, technology"
Tennessee,Latvia,Welch Vista Park,Cultural,medium,Jan-Mar,"nightlife, relaxing, surfing, culture"
Virginia,Egypt,Wilkinson Mountain Park,Mountain,luxury,Dec-Feb,"safari, wildlife"
Nevada,Macao,Barrett Gardens Temple,Adventure,low,Jan-Mar,"nightlife, culture, food"
Pennsylvania,Malawi,Sanders Camp Beach,Mountain,luxury,Dec-Feb,"surfing, temple visit, shopping, skiing"
Goa,India,Dudhsagar Falls,Historical,low,Dec-Feb,"surfing, relaxing, wildlife"
Himachal Pradesh,India,Solang Valley,Beach,medium,Sep-Nov,"temple visit, trekking, safari"
Michigan,Tajikistan,Schultz Circles Tower,Cultural,medium,Jan-Mar,"surfing, shopping, skiing"
Florida,Cameroon,Jared Prairie Temple,Mountain,high,Jan-Mar,"relaxing, nightlife"
Massachusetts,United States Virgin Islands,Clark Springs Bay,Urban,low,Mar-May,"culture, yoga, shopping"
Maine,Kiribati,Lopez Corner Temple,Historical,high,Sep-Nov,"culture, nightlife, food, temple visit"
Colorado,French Polynesia,Weber Forge Fort,Desert,high,Jan-Mar,"wildlife, technology, temple visit, yoga"
Maharashtra,India,Ajanta Caves,Urban,medium,June-Aug,"shopping, yoga, trekking"
California,Haiti,Smith Glen Park,Historical,high,Mar-May,"culture, yoga"
Delaware,Uganda,Henderson Club Beach,Urban,medium,Dec-Feb,"trekking, surfing, nightlife, safari"
Louisiana,Malawi,Russo Turnpike Fort,Beach,luxury,Sep-Nov,"technology, wildlife, shopping"
Florida,Greenland,Danny Flats Beach,Urban,low,Jan-Mar,"wildlife, nightlife"
Connecticut,Cote d'Ivoire,Maria Village Park,Adventure,low,June-Aug,"surfing, trekking, technology"
Alabama,Denmark,Casey Wells Bay,Desert,high,Sep-Nov,"wildlife, yoga, relaxing"
North Dakota,Bosnia and Herzegovina,Susan Ferry Beach,Cultural,high,June-Aug,"skiing, trekking, culture, nightlife"
Connecticut,Belarus,Michael Estates Temple,Mountain,high,Sep-Nov,"nightlife, surfing"
Washington,Turks and Caicos Islands,Williams Pines Tower,Desert,medium,Jan-Mar,"yoga, temple visit, safari"
Massachusetts,Uruguay,Castillo Terrace Beach,Urban,medium,Dec-Feb,"culture, temple visit, shopping"
Michigan,Portugal,Hunt Radial Fort,Urban,low,Mar-May,"wildlife, trekking, surfing"
Tamil Nadu,India,Ooty,Mountain,low,Sep-Nov,"wildlife, safari"
Uttar Pradesh,India,Taj Mahal,Cultural,low,June-Aug,"trekking, yoga"
Wisconsin,Slovenia,Tonya Station Beach,Beach,high,Dec-Feb,"trekking, nightlife"
Louisiana,Sri Lanka,Douglas Station Beach,Adventure,high,June-Aug,"relaxing, trekking"
Wyoming,Holy See (Vatican City State),Smith Run Fort,Beach,luxury,Mar-May,"food, culture, trekking, relaxing"
Florida,Cape Verde,Christy Alley Fort,Historical,medium,Dec-Feb,"trekking, safari, skiing, culture"
Hawaii,Samoa,Key Motorway Park,Beach,high,Dec-Feb,"culture, trekking, surfing, food"
New Jersey,Congo,Cooper Circle Bay,Beach,high,Dec-Feb,"nightlife, technology, shopping, food"
Arizona,Faroe Islands,Austin Prairie Park,Adventure,high,Mar-May,"food, relaxing"
Nebraska,Bermuda,Clark Fall Fort,Desert,high,June-Aug,"temple visit, surfing, technology"
Florida,Iceland,Adams Isle Park,Desert,low,Mar-May,"surfing, nightlife"
Tamil Nadu,India,Ooty,Desert,high,June-Aug,"yoga, surfing, technology"
Michigan,South Georgia and the South Sandwich Islands,Harris Square Park,Historical,high,Mar-May,"relaxing, technology, safari"
Arkansas,Mauritius,Penny Expressway Temple,Urban,luxury,June-Aug,"yoga, safari, technology, shopping"
Alaska,Bosnia and Herzegovina,Lucas Drives Bay,Historical,luxury,Mar-May,"trekking, surfing, temple visit"
Alaska,Guadeloupe,Chris Drive Beach,Mountain,luxury,Dec-Feb,"food, relaxing, safari, temple visit"
Delhi,India,Qutub Minar,Desert,medium,June-Aug,"safari, wildlife"
Delhi,India,Qutub Minar,Desert,luxury,Sep-Nov,"yoga, wildlife"
Wyoming,Samoa,Michelle Lodge Beach,Cultural,luxury,Sep-Nov,"culture, shopping, surfing"
Kerala,India,Alleppey Backwaters,Urban,high,Mar-May,"relaxing, trekking, safari"
South Carolina,Kenya,Leach Garden Bay,Historical,luxury,June-Aug,"skiing, nightlife"
Himachal Pradesh,India,Rohtang Pass,Urban,medium,June-Aug,"yoga, nightlife, surfing, skiing"
Kerala,India,Munnar Tea Gardens,Historical,low,Dec-Feb,"skiing, food, nightlife"
Massachusetts,Sri Lanka,Santos Turnpike Temple,Mountain,high,Dec-Feb,"wildlife, shopping, temple visit, relaxing"
Connecticut,Palau,Holt Ramp Beach,Historical,luxury,Dec-Feb,"relaxing, shopping, yoga, surfing"
New York,Saint Lucia,Lee Forks Tower,Historical,medium,Dec-Feb,"skiing, nightlife, surfing, culture"
Nebraska,Northern Mariana Islands,Peterson Corner Tower,Mountain,low,Dec-Feb,"relaxing, safari"
Ladakh,India,Pangong Lake,Mountain,luxury,Sep-Nov,"culture, trekking, wildlife"
Oklahoma,South Africa,Charles Motorway Beach,Cultural,low,Jan-Mar,"nightlife, technology, safari"
Colorado,Turks and Caicos Islands,Schaefer Hill Fort,Adventure,luxury,Dec-Feb,"yoga, skiing, food"
Karnataka,India,Hampi,Mountain,luxury,Dec-Feb,"temple visit, technology"
Himachal Pradesh,India,Solang Valley,Desert,low,Dec-Feb,"shopping, culture, nightlife, trekking"
Ohio,Cameroon,Morgan Gateway Fort,Cultural,high,Mar-May,"food, temple visit, safari, nightlife"
North Dakota,Mozambique,Mejia Haven Fort,Cultural,high,June-Aug,"trekking, safari"
South Dakota,Korea,Steven Route Tower,Mountain,high,June-Aug,"trekking, yoga, culture, skiing"
Virginia,Saint Martin,Peterson Parks Beach,Desert,luxury,June-Aug,"wildlife, yoga, surfing"
Delhi,India,India Gate,Urban,low,Dec-Feb,"nightlife, safari, food, shopping"
Mississippi,Timor-Leste,John Lakes Fort,Cultural,high,Sep-Nov,"relaxing, yoga, trekking"
Texas,Macedonia,Richards Canyon Beach,Beach,high,June-Aug,"shopping, temple visit, safari, skiing"
Kentucky,Trinidad and Tobago,Vasquez Key Bay,Urban,high,June-Aug,"trekking, relaxing, skiing, food"
Uttar Pradesh,India,Varanasi Ghats,Adventure,high,Sep-Nov,"relaxing, shopping, safari"
Georgia,Gibraltar,Adams Crest Beach,Desert,medium,Mar-May,"culture, yoga"
Mississippi,Cyprus,Christopher Fields Temple,Beach,medium,Jan-Mar,"skiing, trekking, relaxing, temple visit"
Mississippi,Finland,Brandon Crescent Fort,Beach,medium,Jan-Mar,"relaxing, food, shopping"
South Carolina,Congo,Joseph Trail Park,Urban,high,Jan-Mar,"temple visit, culture"
Kentucky,Qatar,Cabrera Throughway Beach,Beach,low,Sep-Nov,"surfing, shopping, relaxing, nightlife"
North Dakota,San Marino,Matthew Square Temple,Adventure,medium,Jan-Mar,"trekking, food, safari, nightlife"
Kerala,India,Alleppey Backwaters,Beach,high,Jan-Mar,"trekking, culture"
Texas,Turkmenistan,Adams Mission Fort,Beach,medium,Sep-Nov,"safari, trekking, wildlife, relaxing"
Tamil Nadu,India,Meenakshi Temple,Adventure,luxury,Sep-Nov,"technology, relaxing, temple visit, culture"
New York,Taiwan,Michelle Shoals Fort,Historical,low,Mar-May,"wildlife, technology, food, surfing"
Tamil Nadu,India,Ooty,Cultural,medium,Sep-Nov,"trekking, nightlife"
West Virginia,Marshall Islands,Kathy Glens Beach,Mountain,medium,Jan-Mar,"trekking, temple visit"
North Dakota,Moldova,Linda Port Park,Urban,medium,June-Aug,"yoga, surfing"
Colorado,Papua New Guinea,Ramirez Ranch Bay,Desert,high,Sep-Nov,"shopping, wildlife, food, relaxing"
Hawaii,Barbados,Jessica Glens Park,Desert,luxury,Jan-Mar,"nightlife, wildlife"
Arizona,Saint Helena,Julie Knoll Bay,Urban,high,Jan-Mar,"technology, surfing, shopping, yoga"
Maine,Slovenia,Berry Flats Temple,Beach,low,Dec-Feb,"yoga, trekking, culture"
Alabama,Bahamas,Erin Row Beach,Beach,high,June-Aug,"temple visit, trekking, relaxing"
Texas,Nigeria,Davis Rue Fort,Desert,medium,Mar-May,"temple visit, food"
Hawaii,Luxembourg,Christopher Prairie Temple,Urban,luxury,June-Aug,"skiing, yoga, technology, temple visit"
Florida,Guadeloupe,Frazier Park Fort,Mountain,high,Sep-Nov,"relaxing, culture"
Utah,Palestinian Territory,Christopher Green Tower,Urban,medium,Mar-May,"nightlife, culture"
Ladakh,India,Magnetic Hill,Historical,low,Sep-Nov,"skiing, safari"
North Dakota,Faroe Islands,Carla Way Beach,Cultural,low,Sep-Nov,"shopping, technology, food"
Tamil Nadu,India,Meenakshi Temple,Urban,high,Mar-May,"skiing, safari, trekking, temple visit"
Maharashtra,India,Ajanta Caves,Cultural,low,June-Aug,"nightlife, culture"
North Carolina,Palau,Jones Vista Fort,Historical,luxury,Mar-May,"surfing, shopping"
Georgia,Fiji,Ashley Burgs Fort,Beach,medium,Dec-Feb,"yoga, technology, trekking, temple visit"
New Mexico,Venezuela,Barker Valleys Temple,Historical,medium,Dec-Feb,"safari, yoga"
Himachal Pradesh,India,Rohtang Pass,Historical,high,Sep-Nov,"safari, culture, yoga"
Tamil Nadu,India,Meenakshi Temple,Cultural,high,Mar-May,"yoga, wildlife, nightlife, shopping"
Utah,Sierra Leone,Gibson Island Beach,Desert,high,Sep-Nov,"culture, safari"
Kerala,India,Munnar Tea Gardens,Urban,high,Jan-Mar,"trekking, surfing, safari"
Colorado,Austria,Jonathan Shoals Beach,Beach,luxury,Sep-Nov,"surfing, shopping, yoga"
Delhi,India,India Gate,Mountain,medium,June-Aug,"yoga, nightlife, skiing"
Montana,Bahamas,Benjamin Locks Tower,Historical,high,Mar-May,"nightlife, food, trekking, surfing"
Utah,Morocco,Lynch Square Park,Mountain,luxury,Dec-Feb,"surfing, culture, trekking"
Himachal Pradesh,India,Solang Valley,Mountain,luxury,Mar-May,"wildlife, shopping, yoga"
Arkansas,Poland,Brady Ranch Beach,Historical,low,Mar-May,"food, skiing"
Ladakh,India,Magnetic Hill,Urban,low,Sep-Nov,"wildlife, yoga, culture"
Uttar Pradesh,India,Taj Mahal,Beach,low,Dec-Feb,"technology, food, safari, nightlife"
Karnataka,India,Hampi,Mountain,luxury,June-Aug,"culture, wildlife"
Kentucky,Haiti,Laura Summit Bay,Beach,medium,Mar-May,"shopping, surfing, safari"
Himachal Pradesh,India,Rohtang Pass,Mountain,low,June-Aug,"technology, temple visit, surfing"
Illinois,Serbia,Crawford Light Park,Adventure,high,Dec-Feb,"shopping, temple visit, trekking, skiing"
Wyoming,Trinidad and Tobago,Andrews Place Bay,Urban,medium,June-Aug,"culture, nightlife, temple visit, wildlife"
Illinois,Venezuela,Steven Spurs Beach,Beach,high,June-Aug,"trekking, yoga, food, technology"
Kentucky,Ethiopia,Kurt Ridges Temple,Mountain,high,Jan-Mar,"skiing, surfing, food, technology"
Uttar Pradesh,India,Varanasi Ghats,Urban,medium,Jan-Mar,"surfing, food, nightlife, safari"
Kerala,India,Munnar Tea Gardens,Mountain,high,Sep-Nov,"food, surfing, wildlife"
Oregon,Peru,Gary Junction Bay,Desert,high,Sep-Nov,"food, culture, yoga"
Hawaii,Palau,Wiley Spring Beach,Mountain,medium,Sep-Nov,"culture, temple visit, yoga, skiing"
New Jersey,Mexico,Payne Ridge Beach,Mountain,low,Jan-Mar,"wildlife, shopping"
Utah,Rwanda,Fields Isle Bay,Urban,high,Jan-Mar,"shopping, technology, nightlife"
North Carolina,Namibia,Williams Ports Beach,Urban,low,Mar-May,"yoga, food"
Mississippi,Mozambique,Sherri Ferry Park,Historical,luxury,Dec-Feb,"shopping, temple visit, wildlife, yoga"
New Mexico,Lao People's Democratic Republic,Bridges Tunnel Fort,Historical,medium,Sep-Nov,"yoga, trekking, relaxing, skiing"
Ohio,Philippines,Theresa Common Temple,Beach,high,Sep-Nov,"food, yoga, relaxing"
Maharashtra,India,Ajanta Caves,Adventure,low,Mar-May,"shopping, food, safari, trekking"
Himachal Pradesh,India,Rohtang Pass,Desert,luxury,Jan-Mar,"skiing, surfing, relaxing, temple visit"
Goa,India,Baga Beach,Adventure,luxury,Dec-Feb,"food, surfing"
Illinois,Niue,Smith Bridge Bay,Adventure,high,June-Aug,"temple visit, relaxing, technology, culture"
Kentucky,Qatar,Holloway Club Temple,Urban,high,Sep-Nov,"relaxing, trekking, nightlife, temple visit"
Illinois,Guam,Oliver Locks Fort,Cultural,low,Jan-Mar,"surfing, skiing, wildlife, technology"
California,Ghana,Katherine Mission Temple,Mountain,medium,Mar-May,"trekking, culture, food"
Vermont,Jersey,Mcdonald Square Bay,Adventure,luxury,Dec-Feb,"relaxing, safari"
Connecticut,Costa Rica,Matthew Loaf Fort,Urban,medium,Sep-Nov,"relaxing, wildlife"
Idaho,Libyan Arab Jamahiriya,Garner Knolls Bay,Mountain,medium,Mar-May,"trekking, surfing, nightlife, yoga"
Massachusetts,Japan,Smith Stream Tower,Historical,low,Mar-May,"surfing, shopping"
Uttar Pradesh,India,Taj Mahal,Adventure,low,June-Aug,"safari, relaxing, yoga, temple visit"
Arkansas,Egypt,Smith Roads Park,Adventure,medium,June-Aug,"yoga, food, safari, relaxing"
Illinois,Panama,Brian Mill Tower,Desert,medium,June-Aug,"yoga, wildlife"
West Bengal,India,Victoria Memorial,Mountain,high,Dec-Feb,"trekking, relaxing, wildlife, nightlife"
New York,Sao Tome and Principe,Amy Rest Bay,Desert,high,June-Aug,"shopping, nightlife, safari"
Oklahoma,Djibouti,James Harbor Park,Cultural,luxury,Jan-Mar,"skiing, technology"
Uttarakhand,India,Kedarnath,Adventure,low,Sep-Nov,"wildlife, technology, surfing, nightlife"
Iowa,Afghanistan,Williams Mountain Temple,Mountain,medium,June-Aug,"culture, skiing, safari"
Louisiana,Bahrain,Jonathan Extensions Park,Beach,medium,Jan-Mar,"skiing, trekking"
Rajasthan,India,Hawa Mahal,Beach,medium,Sep-Nov,"skiing, relaxing, trekking, nightlife"
Goa,India,Dudhsagar Falls,Desert,high,June-Aug,"technology, shopping"
West Bengal,India,Sundarbans,Beach,luxury,Mar-May,"nightlife, relaxing, culture"
Nevada,Botswana,Evan Union Park,Historical,high,Jan-Mar,"trekking, wildlife, culture, temple visit"
Delaware,Cayman Islands,Andre Walk Beach,Beach,medium,June-Aug,"skiing, surfing, shopping"
Massachusetts,Syrian Arab Republic,Cindy Road Park,Beach,high,June-Aug,"relaxing, yoga, shopping"
Delhi,India,Qutub Minar,Mountain,luxury,June-Aug,"shopping, safari, skiing, wildlife"
Delhi,India,India Gate,Beach,medium,Sep-Nov,"nightlife, skiing, safari, wildlife"
Himachal Pradesh,India,Rohtang Pass,Mountain,medium,Jan-Mar,"skiing, nightlife, temple visit"
North Carolina,Suriname,Patrick Coves Park,Urban,high,June-Aug,"surfing, temple visit, nightlife"
New Jersey,Burundi,Heidi Gardens Temple,Beach,high,June-Aug,"technology, culture, trekking, food"
Illinois,Thailand,Derrick Rapid Fort,Urban,luxury,Dec-Feb,"temple visit, relaxing, trekking"
Maharashtra,India,Ajanta Caves,Historical,luxury,Jan-Mar,"surfing, nightlife, trekking"
West Bengal,India,Victoria Memorial,Adventure,high,Dec-Feb,"wildlife, yoga, shopping"
Pennsylvania,Jordan,Holly Plains Temple,Cultural,luxury,June-Aug,"yoga, trekking, safari, relaxing"
Wyoming,Bahamas,Ochoa Inlet Park,Adventure,high,Dec-Feb,"skiing, food"
West Bengal,India,Victoria Memorial,Historical,high,Sep-Nov,"trekking, yoga, temple visit"
Kerala,India,Alleppey Backwaters,Beach,high,June-Aug,"nightlife, shopping, skiing"
Tamil Nadu,India,Ooty,Urban,luxury,Sep-Nov,"culture, trekking"
Tamil Nadu,India,Ooty,Beach,medium,Mar-May,"wildlife, temple visit, safari, skiing"
Illinois,Burkina Faso,Rowe Street Tower,Mountain,luxury,Mar-May,"food, surfing"
Karnataka,India,Mysore Palace,Cultural,luxury,Mar-May,"technology, safari, trekking, relaxing"
New Hampshire,Azerbaijan,Torres Wells Fort,Mountain,luxury,Jan-Mar,"food, shopping, surfing, yoga"
Louisiana,Korea,Regina Grove Beach,Beach,low,Sep-Nov,"culture, nightlife, skiing"
Minnesota,Hungary,Chelsea Common Park,Historical,low,Jan-Mar,"relaxing, safari, surfing, skiing"
Connecticut,Luxembourg,West Meadows Tower,Desert,low,Jan-Mar,"safari, trekking"
Utah,Syrian Arab Republic,Tina Freeway Park,Urban,luxury,Mar-May,"wildlife, food, technology"
Utah,Brazil,Richardson Junction Tower,Mountain,medium,Sep-Nov,"culture, food, yoga"
Goa,India,Baga Beach,Urban,medium,Mar-May,"safari, wildlife"
Missouri,Turks and Caicos Islands,Hansen Forge Beach,Mountain,low,Sep-Nov,"technology, culture, surfing"
New Jersey,Comoros,Simon Islands Temple,Historical,luxury,Dec-Feb,"food, skiing"
New Mexico,Afghanistan,Taylor Walks Fort,Cultural,high,June-Aug,"nightlife, food"
Georgia,Kyrgyz Republic,Marshall Unions Bay,Adventure,low,Jan-Mar,"shopping, skiing, relaxing, wildlife"
Utah,Andorra,Martin Port Fort,Beach,low,Mar-May,"temple visit, relaxing, skiing"
New Hampshire,Cameroon,Todd Center Park,Cultural,luxury,Jan-Mar,"nightlife, trekking, temple visit, technology"
North Dakota,Tokelau,Gary Pine Park,Desert,high,Mar-May,"nightlife, shopping, culture"
Rhode Island,Saint Kitts and Nevis,Morrow Manor Tower,Cultural,medium,Sep-Nov,"temple visit, surfing, trekking, food"
Rajasthan,India,Amber Fort,Beach,low,Mar-May,"nightlife, shopping, culture"
Alaska,Malta,Alexander Drive Park,Historical,low,Jan-Mar,"technology, nightlife, shopping, surfing"
Ohio,Wallis and Futuna,Doyle Summit Park,Mountain,high,Dec-Feb,"surfing, culture, nightlife, skiing"
Karnataka,India,Hampi,Mountain,medium,June-Aug,"relaxing, yoga, wildlife"
Connecticut,Turkmenistan,Guerrero Mill Beach,Beach,medium,June-Aug,"relaxing, food"
Nevada,Guernsey,William Junctions Beach,Mountain,luxury,Mar-May,"technology, skiing"
New Mexico,Mauritania,Sue Dam Tower,Cultural,low,Jan-Mar,"safari, temple visit, surfing, culture"
Karnataka,India,Mysore Palace,Desert,low,Mar-May,"trekking, skiing, culture"
Ohio,Ireland,Andrew Streets Tower,Urban,medium,Jan-Mar,"skiing, wildlife"
South Dakota,Equatorial Guinea,Joshua Tunnel Tower,Beach,medium,June-Aug,"safari, relaxing"
Maharashtra,India,Gateway of India,Beach,luxury,Mar-May,"culture, nightlife"
West Virginia,Thailand,Carolyn Throughway Beach,Urban,luxury,Mar-May,"shopping, wildlife"
Georgia,Samoa,Johnson Freeway Tower,Beach,luxury,June-Aug,"technology, temple visit, surfing, trekking"
North Dakota,Solomon Islands,Brittany Knolls Park,Historical,luxury,June-Aug,"yoga, surfing, wildlife, safari"
Utah,Cameroon,Justin Haven Fort,Beach,medium,Dec-Feb,"wildlife, nightlife"
New Hampshire,Cyprus,Christopher Branch Temple,Mountain,low,Jan-Mar,"skiing, surfing, wildlife"
Arizona,Hungary,Mcdaniel Shoal Bay,Mountain,low,June-Aug,"wildlife, temple visit, safari, yoga"
Kentucky,Bermuda,Roy Extensions Tower,Desert,low,Jan-Mar,"yoga, temple visit"
Rajasthan,India,Amber Fort,Adventure,high,Jan-Mar,"safari, trekking, food"
Vermont,Sweden,Michelle Fields Beach,Historical,medium,June-Aug,"culture, nightlife"
Arizona,Nicaragua,David Summit Fort,Mountain,low,Sep-Nov,"shopping, safari"
Louisiana,Sao Tome and Principe,Griffith Alley Temple,Beach,high,June-Aug,"skiing, wildlife"
Colorado,Equatorial Guinea,Dustin Cove Beach,Mountain,low,Dec-Feb,"skiing, safari, nightlife"
Idaho,Monaco,Richards Unions Fort,Beach,high,Mar-May,"food, skiing, trekking"
California,Libyan Arab Jamahiriya,Tracy Inlet Beach,Desert,low,Sep-Nov,"nightlife, skiing, surfing"
Tamil Nadu,India,Meenakshi Temple,Desert,luxury,Mar-May,"skiing, surfing, culture"
California,Belize,Love Trail Fort,Desert,luxury,June-Aug,"wildlife, trekking, temple visit"
Missouri,Paraguay,Moran Trail Temple,Mountain,high,Sep-Nov,"wildlife, surfing"
Uttar Pradesh,India,Varanasi Ghats,Adventure,medium,Jan-Mar,"temple visit, nightlife, wildlife, technology"
Rhode Island,Mauritius,Rivers Coves Park,Historical,high,Sep-Nov,"food, skiing, trekking"
Missouri,Equatorial Guinea,Jeremiah Track Beach,Desert,high,Dec-Feb,"nightlife, safari"
Montana,Taiwan,Erika Rue Bay,Beach,low,Mar-May,"wildlife, trekking, culture"
Massachusetts,Trinidad and Tobago,Mike Summit Beach,Desert,medium,Dec-Feb,"temple visit, nightlife, relaxing"
Arizona,Bahrain,Danielle Plains Temple,Adventure,medium,June-Aug,"surfing, trekking, yoga"
Delhi,India,Qutub Minar,Desert,luxury,June-Aug,"shopping, temple visit, technology"
Karnataka,India,Hampi,Cultural,low,Sep-Nov,"culture, trekking, skiing, yoga"
Karnataka,India,Mysore Palace,Beach,luxury,Mar-May,"wildlife, temple visit"
Goa,India,Baga Beach,Historical,low,June-Aug,"yoga, technology, safari, nightlife"
Louisiana,Montenegro,Ramos Drive Tower,Beach,medium,Mar-May,"trekking, relaxing"
South Dakota,Grenada,Glover Corners Temple,Urban,luxury,Dec-Feb,"skiing, surfing"
Uttarakhand,India,Rishikesh,Cultural,high,June-Aug,"safari, temple visit, wildlife, yoga"
Nebraska,Brunei Darussalam,Steven Land Temple,Adventure,luxury,Jan-Mar,"trekking, surfing"
New Mexico,Montserrat,Austin Isle Beach,Cultural,high,Dec-Feb,"relaxing, wildlife"
Indiana,Cayman Islands,Johnson Landing Temple,Mountain,luxury,Sep-Nov,"safari, wildlife, skiing, trekking"
New York,Poland,Jessica Well Bay,Urban,high,Sep-Nov,"culture, trekking, nightlife"
Utah,Samoa,Maria Islands Bay,Adventure,luxury,Sep-Nov,"surfing, trekking, temple visit"
Rajasthan,India,Amber Fort,Urban,low,June-Aug,"wildlife, temple visit, nightlife, safari"
Ladakh,India,Pangong Lake,Beach,luxury,Jan-Mar,"skiing, relaxing"
North Dakota,South Africa,Chan Springs Park,Mountain,low,Sep-Nov,"skiing, surfing, nightlife, safari"
West Bengal,India,Sundarbans,Adventure,medium,June-Aug,"safari, surfing, culture, shopping"
Uttarakhand,India,Kedarnath,Mountain,low,Jan-Mar,"culture, food, shopping"
Georgia,Saint Vincent and the Grenadines,Jackson Manor Tower,Historical,luxury,Mar-May,"yoga, trekking"
West Virginia,Saint Helena,George Lakes Bay,Mountain,low,June-Aug,"temple visit, culture, safari, nightlife"
New Jersey,Jordan,Melissa Grove Temple,Historical,luxury,Sep-Nov,"shopping, technology, skiing, wildlife"
Utah,British Virgin Islands,Alexis Knolls Park,Desert,high,June-Aug,"temple visit, skiing, safari"
South Dakota,Haiti,Emily Loop Tower,Mountain,high,Jan-Mar,"temple visit, technology, skiing"
Ohio,British Virgin Islands,Eric Spur Park,Cultural,medium,Sep-Nov,"food, wildlife, culture, yoga"
West Bengal,India,Sundarbans,Cultural,high,Mar-May,"wildlife, skiing, culture, nightlife"
Virginia,Switzerland,Nicholas Spurs Beach,Desert,luxury,June-Aug,"safari, technology, culture"
Florida,Italy,Taylor Street Temple,Mountain,low,June-Aug,"food, trekking, surfing, temple visit"
Ohio,French Polynesia,Cooper Union Park,Adventure,high,Mar-May,"skiing, safari, shopping, nightlife"
New York,Puerto Rico,Gordon Greens Bay,Mountain,low,Mar-May,"nightlife, yoga, relaxing, trekking"
Maine,Iceland,Deborah Garden Fort,Beach,low,Jan-Mar,"safari, culture, trekking, technology"
Tamil Nadu,India,Ooty,Historical,medium,Sep-Nov,"trekking, wildlife, yoga, shopping"
New Hampshire,Argentina,Benjamin Points Temple,Desert,low,Mar-May,"yoga, wildlife, nightlife"
Louisiana,Philippines,Holt Fords Temple,Historical,medium,Sep-Nov,"nightlife, skiing, relaxing"
Wisconsin,Timor-Leste,Campbell Locks Tower,Cultural,high,Mar-May,"trekking, yoga, food, shopping"
California,Pakistan,Torres Neck Tower,Mountain,high,Mar-May,"culture, relaxing, wildlife, shopping"
Himachal Pradesh,India,Solang Valley,Desert,low,Dec-Feb,"surfing, relaxing, trekking"
South Carolina,Iraq,Jimmy Crossing Bay,Adventure,low,June-Aug,"nightlife, trekking, shopping, wildlife"
Uttarakhand,India,Rishikesh,Urban,low,June-Aug,"wildlife, technology, temple visit, nightlife"
Minnesota,Fiji,Carey Fork Bay,Mountain,medium,June-Aug,"culture, food, technology, temple visit"
Utah,Anguilla,Jones Forge Park,Beach,low,Mar-May,"relaxing, safari"
New Hampshire,Mauritius,Maldonado Point Fort,Cultural,low,June-Aug,"food, skiing, culture"
Mississippi,Uzbekistan,Christopher Ways Park,Mountain,medium,June-Aug,"safari, trekking"
Maryland,Tajikistan,Smith Stravenue Temple,Adventure,luxury,Mar-May,"skiing, surfing, temple visit"
Louisiana,Cambodia,Veronica Forks Tower,Urban,high,June-Aug,"wildlife, relaxing, skiing, food"
New Hampshire,Panama,Price Track Tower,Urban,low,Jan-Mar,"shopping, food, wildlife, yoga"
Connecticut,Uzbekistan,Thomas Tunnel Bay,Beach,medium,June-Aug,"safari, technology, culture"
Iowa,Moldova,Young Row Bay,Historical,low,June-Aug,"culture, safari, relaxing, food"
Maine,Suriname,Bradshaw Skyway Beach,Cultural,high,Mar-May,"food, wildlife, skiing"
Uttarakhand,India,Rishikesh,Desert,medium,Mar-May,"technology, relaxing"
Idaho,Cambodia,Melissa Crest Tower,Historical,low,June-Aug,"surfing, shopping, relaxing"
Massachusetts,Colombia,Carlson Ranch Tower,Historical,medium,Sep-Nov,"relaxing, nightlife"
Karnataka,India,Hampi,Beach,low,Sep-Nov,"technology, culture, safari, shopping"
Kerala,India,Munnar Tea Gardens,Mountain,high,Dec-Feb,"shopping, culture, surfing, safari"
Alaska,Puerto Rico,Perez Isle Fort,Cultural,medium,Sep-Nov,"food, skiing, culture, relaxing"
Louisiana,Cook Islands,Cortez Gateway Bay,Historical,luxury,Mar-May,"skiing, nightlife"
West Bengal,India,Victoria Memorial,Mountain,low,Sep-Nov,"relaxing, shopping, trekking, yoga"
Montana,Paraguay,Jason Common Temple,Beach,medium,June-Aug,"culture, wildlife"
Illinois,Timor-Leste,Nicholas Trail Temple,Urban,low,Jan-Mar,"trekking, skiing, surfing, technology"
Virginia,Italy,Whitehead Overpass Temple,Urban,medium,Dec-Feb,"temple visit, skiing, culture, yoga"
Uttarakhand,India,Rishikesh,Beach,high,Jan-Mar,"surfing, temple visit, trekking"
Uttarakhand,India,Kedarnath,Beach,low,Jan-Mar,"technology, food"
Louisiana,Mexico,Molina Tunnel Temple,Beach,medium,Mar-May,"food, wildlife, surfing, technology"
Washington,Jersey,Stafford Manor Bay,Mountain,luxury,Mar-May,"yoga, wildlife, surfing"
Himachal Pradesh,India,Rohtang Pass,Urban,high,Mar-May,"nightlife, wildlife, yoga"
California,Eritrea,Jackson Motorway Beach,Beach,luxury,Sep-Nov,"culture, technology"
Himachal Pradesh,India,Rohtang Pass,Urban,high,Sep-Nov,"temple visit, trekking, relaxing, skiing"
Himachal Pradesh,India,Solang Valley,Desert,medium,Mar-May,"trekking, skiing, nightlife"
Goa,India,Dudhsagar Falls,Mountain,luxury,June-Aug,"surfing, relaxing, shopping, skiing"
Uttar Pradesh,India,Varanasi Ghats,Cultural,high,Jan-Mar,"relaxing, safari, wildlife"
Tamil Nadu,India,Meenakshi Temple,Adventure,medium,Jan-Mar,"surfing, shopping, trekking, yoga"
Oklahoma,Guatemala,Kline Road Tower,Desert,luxury,June-Aug,"culture, food, wildlife, technology"
Louisiana,Korea,Kelley Stravenue Fort,Urban,high,Sep-Nov,"shopping, surfing"
Kerala,India,Alleppey Backwaters,Urban,low,Mar-May,"yoga, food"
Missouri,Burkina Faso,Newton Walk Beach,Cultural,high,Mar-May,"trekking, skiing, culture"
Utah,Benin,Johnson Extension Bay,Cultural,low,Sep-Nov,"food, trekking, yoga"
Uttar Pradesh,India,Taj Mahal,Mountain,luxury,June-Aug,"shopping, trekking"
Arkansas,American Samoa,Joshua Place Fort,Beach,luxury,June-Aug,"shopping, yoga, skiing, food"
Kerala,India,Munnar Tea Gardens,Historical,low,Mar-May,"technology, skiing, trekking, nightlife"
Uttar Pradesh,India,Taj Mahal,Urban,medium,Mar-May,"culture, shopping, yoga, surfing"
Michigan,Guinea-Bissau,Perez Locks Park,Mountain,low,June-Aug,"technology, surfing, yoga"
Uttar Pradesh,India,Taj Mahal,Beach,medium,Sep-Nov,"shopping, yoga"
Himachal Pradesh,India,Solang Valley,Cultural,medium,Sep-Nov,"shopping, trekking, safari, culture"
Arkansas,Hungary,Flores Valley Temple,Mountain,high,Jan-Mar,"trekking, nightlife"
West Bengal,India,Sundarbans,Desert,luxury,Dec-Feb,"food, nightlife, technology, shopping"
Georgia,Malawi,Rodriguez Path Bay,Historical,low,Jan-Mar,"surfing, skiing, safari, relaxing"
New York,Bosnia and Herzegovina,David Coves Bay,Beach,medium,Dec-Feb,"food, culture"
Indiana,Eritrea,Mejia Greens Tower,Cultural,medium,Sep-Nov,"culture, shopping"
Virginia,Northern Mariana Islands,Walker Groves Beach,Desert,high,Dec-Feb,"technology, safari, shopping"
Illinois,Philippines,Troy Mountains Fort,Adventure,medium,Dec-Feb,"technology, relaxing, temple visit"
Maharashtra,India,Gateway of India,Mountain,luxury,June-Aug,"nightlife, technology"
Kerala,India,Alleppey Backwaters,Urban,high,June-Aug,"food, yoga, technology"
Himachal Pradesh,India,Solang Valley,Urban,medium,Mar-May,"technology, trekking"
Texas,French Southern Territories,Herman Springs Tower,Cultural,luxury,Dec-Feb,"shopping, relaxing, trekking, food"
Connecticut,Tokelau,Figueroa Square Bay,Historical,low,Sep-Nov,"food, relaxing"
Rhode Island,Mayotte,White Rapids Park,Cultural,medium,Sep-Nov,"skiing, food, shopping"
Kentucky,Austria,Ponce Spur Park,Mountain,luxury,Dec-Feb,"nightlife, technology, yoga, surfing"
Kentucky,Slovakia (Slovak Republic),Peters Court Temple,Cultural,medium,Sep-Nov,"food, temple visit, yoga, skiing"
Colorado,San Marino,Anderson Land Fort,Historical,medium,Sep-Nov,"shopping, safari"
New Mexico,Guatemala,Kimberly Inlet Beach,Mountain,medium,Sep-Nov,"yoga, wildlife, nightlife"
New Hampshire,Luxembourg,Browning Plains Temple,Historical,low,Mar-May,"shopping, culture, relaxing"
Maharashtra,India,Ajanta Caves,Historical,luxury,Dec-Feb,"shopping, temple visit, skiing, surfing"
Hawaii,Luxembourg,Betty Station Beach,Desert,low,Mar-May,"wildlife, temple visit, yoga"
Uttarakhand,India,Rishikesh,Historical,low,June-Aug,"nightlife, skiing, food, relaxing"
Alaska,Rwanda,Ramos Islands Tower,Beach,medium,Dec-Feb,"nightlife, food, surfing, shopping"
Oregon,Cambodia,Morris Mews Tower,Urban,high,Mar-May,"wildlife, nightlife, culture, shopping"
Kentucky,Belgium,Harris Crest Bay,Desert,medium,Dec-Feb,"temple visit, technology"
Alabama,Estonia,Wilson Ports Park,Urban,luxury,June-Aug,"nightlife, temple visit, wildlife, relaxing"
New York,Cameroon,Sean Grove Tower,Beach,low,Sep-Nov,"wildlife, relaxing, temple visit"
Wyoming,Solomon Islands,Mary Crest Tower,Mountain,high,Mar-May,"yoga, nightlife"
Tamil Nadu,India,Meenakshi Temple,Mountain,high,June-Aug,"temple visit, yoga"
Karnataka,India,Hampi,Cultural,medium,Mar-May,"skiing, wildlife, relaxing"
North Dakota,Maldives,Meyer Shore Beach,Adventure,medium,Dec-Feb,"surfing, shopping, temple visit, culture"
Delhi,India,Qutub Minar,Historical,high,Jan-Mar,"wildlife, yoga"
Kerala,India,Alleppey Backwaters,Historical,high,June-Aug,"trekking, temple visit"
Hawaii,Saint Martin,Gary Courts Park,Mountain,luxury,June-Aug,"nightlife, culture, food, relaxing"
Tamil Nadu,India,Meenakshi Temple,Adventure,medium,Dec-Feb,"relaxing, wildlife"
Massachusetts,Timor-Leste,Woods Passage Temple,Cultural,high,Jan-Mar,"shopping, wildlife, technology"
Vermont,Micronesia,Faulkner Ville Bay,Adventure,luxury,Mar-May,"skiing, wildlife, trekking, surfing"
South Dakota,Netherlands Antilles,Tanner Burg Tower,Beach,high,Jan-Mar,"safari, relaxing, surfing"
West Bengal,India,Sundarbans,Historical,low,Mar-May,"surfing, culture, relaxing"
Karnataka,India,Hampi,Mountain,luxury,Jan-Mar,"nightlife, shopping, temple visit, safari"
Pennsylvania,Azerbaijan,Austin Prairie Park,Cultural,medium,Sep-Nov,"shopping, nightlife, wildlife, safari"
Missouri,Puerto Rico,Scott Place Bay,Cultural,low,Dec-Feb,"nightlife, wildlife, technology, food"
Washington,Korea,Kathryn Springs Park,Adventure,medium,Sep-Nov,"skiing, wildlife, technology, temple visit"
Texas,British Indian Ocean Territory (Chagos Archipelago),Darrell Orchard Beach,Mountain,high,Sep-Nov,"relaxing, shopping, wildlife"
Wisconsin,Saint Pierre and Miquelon,Cory Lodge Fort,Mountain,low,Mar-May,"safari, surfing, food"
Illinois,Azerbaijan,Gomez Streets Park,Beach,luxury,Jan-Mar,"food, culture"
Kentucky,France,Young Trail Park,Adventure,high,Sep-Nov,"relaxing, safari, food"
Illinois,Norfolk Island,Byrd Islands Fort,Historical,luxury,Jan-Mar,"food, shopping, skiing, nightlife"
New Mexico,Algeria,Becker Lakes Temple,Cultural,luxury,Jan-Mar,"safari, trekking"
Nevada,Timor-Leste,Kyle Spur Fort,Beach,high,Mar-May,"temple visit, surfing, nightlife, wildlife"
Maryland,Peru,May Burg Fort,Mountain,medium,Dec-Feb,"food, temple visit, technology"
Louisiana,Fiji,Ritter Street Temple,Adventure,luxury,Mar-May,"wildlife, skiing, yoga, temple visit"
Nevada,British Indian Ocean Territory (Chagos Archipelago),Robertson Mountain Tower,Historical,low,Dec-Feb,"nightlife, temple visit, food"
Delhi,India,India Gate,Beach,medium,Mar-May,"wildlife, food, technology, culture"
Oklahoma,Equatorial Guinea,Sharon Underpass Beach,Urban,high,Jan-Mar,"technology, relaxing, surfing, yoga"
Uttar Pradesh,India,Taj Mahal,Mountain,high,Jan-Mar,"surfing, temple visit, wildlife"
Hawaii,Hungary,Marshall Fall Park,Urban,luxury,June-Aug,"trekking, safari, nightlife"
Rajasthan,India,Amber Fort,Historical,luxury,Sep-Nov,"surfing, wildlife"
New York,Albania,Barry Ford Bay,Historical,high,June-Aug,"wildlife, food, technology, trekking"
Washington,Gambia,Randall Path Temple,Urban,luxury,Dec-Feb,"yoga, trekking, safari, culture"
North Carolina,Puerto Rico,Katie Divide Temple,Adventure,medium,Mar-May,"food, safari"
Uttar Pradesh,India,Varanasi Ghats,Mountain,luxury,Jan-Mar,"wildlife, trekking"
Florida,Burkina Faso,Maria Views Beach,Mountain,high,Dec-Feb,"yoga, skiing, food"
Washington,Tajikistan,Miller Manors Beach,Urban,medium,June-Aug,"surfing, temple visit, food"
Pennsylvania,Antigua and Barbuda,Lauren Roads Fort,Desert,luxury,Sep-Nov,"safari, yoga"
Arkansas,Papua New Guinea,Crane Vista Fort,Desert,luxury,Sep-Nov,"temple visit, trekking"
